Molecule ChEMBL ID,Smiles,Actual pChEMBL,Predicted pChEMBL,Residuals,Leverage,fr_pyridine,Ipc,BCUT2D_MRLOW,PEOE_VSA11,PEOE_VSA4,NumAtomStereoCenters,SlogP_VSA7,VSA_EState5
CHEMBL3806279,CO[C@@H](C)c1c(NC(=O)Nc2cncc(C(F)(F)F)c2)cnc2cc(C)nn12,11.0,8.647135238095245,2.3528647619047547,0.030834072805653003,1.0,1607683.8337244035,-0.13733356789737486,5.647177220767728,18.269926951325495,1.0,0.0,0.0
CHEMBL3806155,CO[C@@H](C)c1c(NC(=O)Nc2cnc(-n3nccn3)c(C(F)(F)F)c2)cnc2cc(Cl)nn12,10.64,10.003120052910058,0.6368799470899429,0.0486149974738012,1.0,27212287.368741576,-0.13736432249559255,16.61814981549555,28.46729056792757,1.0,5.153109816892792,-0.5278923916555727
CHEMBL3805390,COCC(c1c(NC(=O)Nc2cnc(-n3nccn3)c(Cl)c2)cnc2cc(Cl)nn12)C1CC1,10.55,9.328646035353536,1.2213539646464646,0.034279343203148564,1.0,46550196.188095674,0.16939431504740612,16.61814981549555,15.296045424903113,1.0,10.175743130634118,0.8234161810760903
CHEMBL3806235,O=C(Nc1cnc(-n2nccn2)c(C(F)(F)F)c1)Nc1cnc2cc(Cl)nn2c1C1CCCO1,10.03,10.037652910052916,-0.007652910052916795,0.04841640786519735,1.0,69427862.3283912,-0.13736445943488426,16.61814981549555,28.46729056792757,1.0,5.153109816892792,-0.5191305306209844
CHEMBL3806299,CC(C)c1c(NC(=O)Nc2ccc(-n3cc(CN)cn3)c(Cl)c2)cnc2cc(Cl)nn12,9.87,7.894927976190476,1.9750720238095232,0.020652794938430273,0.0,11920591.796649422,0.2618131812158376,10.800287037660521,10.197363616602075,0.0,10.175743130634118,0.06757137170681937
CHEMBL3805576,CC(C)c1c(NC(=O)Nc2cnc(N3CCCS3(=O)=O)c(C(F)(F)F)c2)cnc2cc(Cl)nn12,9.61,9.334156322751321,0.27584367724867853,0.03854589974742078,1.0,28101273.716400355,-0.13673133858212194,16.61814981549555,18.269926951325495,0.0,5.153109816892792,-1.0906537102889449
CHEMBL4784740,O=C(Nc1cnc(-n2nccn2)c(Cl)c1)Nc1cnc2ccc(Cl)cc2c1C1CC1,8.7,7.881340540771859,0.8186594592281402,0.02459941704929787,2.0,13475904.900811708,0.26183359130418327,5.817862777835028,10.197363616602075,0.0,10.045266627482652,0.7643373273402965
CHEMBL4748505,COc1ncc(NC(=O)Nc2cnc3ccc(C#N)cc3c2N(C)C2CCOCC2)cc1Cl,8.7,8.058318140255713,0.6416818597442866,0.02610942526309172,2.0,31453118.49570483,0.0855286784695713,0.0,5.261891554738487,0.0,5.022633313741326,0.27317001170370014
CHEMBL4757361,COc1ncc(NC(=O)Nc2cnc3cc(Cl)nn3c2N2CCOCC2(C)C)cc1Cl,8.7,8.34649953102453,0.3535004689754686,0.03425661391117782,1.0,9764795.045016974,0.06372533115312927,16.61814981549555,9.61407970191666,0.0,10.175743130634118,0.9313987825347763
CHEMBL4568735,CO[C@@H](C)c1c(Nc2ccc([C@H](N(C)C(=O)C3CCS(=O)(=O)CC3)C(F)(F)F)cc2)cnc2cc(Cl)nn12,8.62,7.565545476190482,1.0544545238095173,0.06959169610877904,0.0,186571854.79403198,-0.19021361679366391,16.842127866808482,18.269926951325495,2.0,5.153109816892792,-1.9020325278378762
CHEMBL4748253,CO[C@@H](C)c1c(NC(=O)Nc2cnc(-n3nccn3)c(Cl)c2)cnc2cc(Cl)nn12,8.52,8.323516230158733,0.19648376984126692,0.03174395341581223,1.0,8619484.949432792,0.1143507692057253,16.61814981549555,15.296045424903113,1.0,10.175743130634118,0.341706373776526
CHEMBL4781879,COC[C@H](C)c1c(NC(=O)Nc2cnc(-n3nccn3)c(Cl)c2)cnc2cc(Cl)nn12,8.52,8.530432791005296,-0.010432791005296593,0.03269831940668554,1.0,13671402.977792453,0.18219345825840058,16.61814981549555,15.296045424903113,1.0,10.175743130634118,0.24744989238467952
CHEMBL4745946,CC(C)c1c(NC(=O)Nc2cnc(-n3nccn3)c(Cl)c2)cnc2cc(Cl)nn12,8.52,8.191660185185187,0.32833981481481267,0.034449735329112934,1.0,4930717.798828721,0.26180424026646604,16.61814981549555,15.296045424903113,0.0,10.175743130634118,0.415428936456381
CHEMBL4760571,COC[C@@H](C)c1c(NC(=O)Nc2cnc(-n3nccn3)c(Cl)c2)cnc2cc(Cl)nn12,8.4,8.530432791005296,-0.1304327910052958,0.03269831940668554,1.0,13671402.977792453,0.18219345825840058,16.61814981549555,15.296045424903113,1.0,10.175743130634118,0.24744989238467952
CHEMBL4746044,CO[C@@H](C)c1c(NC(=O)Nc2ccnc(C(F)(F)F)c2)cnc2cc(Cl)nn12,8.4,8.476432380952376,-0.07643238095237592,0.021928182975844823,1.0,1607683.8337244035,-0.14066489455516404,10.800287037660521,18.269926951325495,1.0,5.153109816892792,0.0
CHEMBL4128769,O=C(Nc1cnc(-n2nccn2)c(Cl)c1)C1CCN(c2ncccc2Cl)CC1,8.4,7.795220399230399,0.6047796007696009,0.027375671583000083,2.0,4038902.2350043515,-0.11995821925358816,5.817862777835028,10.197363616602075,0.0,10.045266627482652,1.0338986098410705
CHEMBL4796575,COc1ncc(NC(=O)Nc2cnc3ccc(C#N)cc3c2N2CCOC[C@@H]2C)cc1Cl,8.3,8.084646599280347,0.21535340071965337,0.031211564456736986,2.0,18426283.242615193,0.09913245602737787,0.0,5.261891554738487,1.0,5.022633313741326,0.27152065696993
CHEMBL4786953,O=C(Nc1cnc(-n2nccn2)c(Cl)c1)Nc1cnc2cc(Cl)nn2c1C1CC1,8.3,8.321992182539683,-0.021992182539682048,0.03514840191579706,1.0,6968614.086467852,0.26181032604643967,16.61814981549555,15.296045424903113,0.0,10.175743130634118,0.6736933992662983
CHEMBL5078790,CO[C@@H](C)c1c(NC(=O)Nc2cnc(C(=O)N3CCCC3)c(Cl)c2)cnc2cc(Cl)nn12,8.3,7.976087222222225,0.3239127777777755,0.023212272594398477,1.0,21179372.47906499,0.07869912778615105,10.800287037660521,5.098681808301038,1.0,10.175743130634118,-0.20929913817682233
CHEMBL4795909,CC1(C)COCCN1c1c(NC(=O)Nc2ccnc(C(F)(F)F)c2)cnc2cc(Cl)nn12,8.22,8.141425628908129,0.0785743710918716,0.03844346893327946,1.0,12373182.080172319,-0.14066539402130163,16.61814981549555,22.785324844941115,0.0,5.153109816892792,0.5241286113210719
CHEMBL4765158,COc1ccc(NC(=O)Nc2cnc3ccc(C#N)cc3c2N2CCOC[C@@H]2C)cc1Cl,8.22,7.990345368844122,0.2296546311558787,0.01650156769556897,1.0,18426283.242615193,0.0991324678121271,0.0,5.261891554738487,1.0,5.022633313741326,0.5215206569699304
CHEMBL4754690,COc1ncc(NC(=O)Nc2cnc3cc(Cl)nn3c2N2[C@@H](C)COC[C@@H]2C)cc1Cl,8.22,8.27568226190476,-0.05568226190476011,0.06006647510305018,1.0,10776382.574344587,0.07502535617195148,16.61814981549555,9.61407970191666,2.0,10.175743130634118,0.9413467470281953
CHEMBL4741853,O=C(Nc1cnc(-n2nccn2)c(Cl)c1)Nc1cnc2ccc(F)cc2c1C1CC1,8.22,7.865076901679478,0.3549230983205227,0.026745569093429816,2.0,13475904.900811708,0.2618329660798861,5.817862777835028,10.197363616602075,0.0,5.022633313741326,0.3002267231569524
CHEMBL4779581,CC(O)c1c(NC(=O)Nc2cnc(-n3nccn3)c(Cl)c2)cnc2ccc(F)cc12,8.15,7.80984267884893,0.34015732115107067,0.03193206143332741,2.0,7811804.604051771,0.201222495358503,5.817862777835028,10.197363616602075,1.0,5.022633313741326,-0.16198936059218116
CHEMBL4762086,O=C(Nc1cnc(-n2nccn2)c(Cl)c1)Nc1cnc2ccccc2c1C1CC1,8.15,7.72111926073926,0.4288807392607401,0.02530549983581606,2.0,9580870.95000244,0.2618336305114927,5.817862777835028,10.197363616602075,0.0,5.022633313741326,0.8403138413296309
CHEMBL4128888,Nc1cccnc1N1CCC(C(=O)Nc2cnc(-n3nccn3)c(Cl)c2)CC1,8.15,7.708222879990384,0.44177712000961655,0.028168636640549184,2.0,4038902.2350043515,-0.11995752513553462,11.635725555670057,10.197363616602075,0.0,5.022633313741326,1.0509054358565966
CHEMBL4785146,COc1ccc(NC(=O)Nc2cnc3ccc(C#N)cc3c2N(C)C2CCOCC2)cc1Cl,8.1,7.85308519024277,0.24691480975722957,0.009430216317984783,1.0,31453118.49570483,0.08552868967782348,0.0,5.261891554738487,0.0,5.022633313741326,0.5231700117037006
CHEMBL4796225,C[C@H]1COC[C@H](C)N1c1c(NC(=O)Nc2ccnc(C(F)(F)F)c2)cnc2cc(Cl)nn12,8.05,8.322092288359794,-0.2720922883597936,0.06451254784891379,1.0,13655407.35455974,-0.1406653219135347,16.61814981549555,22.785324844941115,2.0,5.153109816892792,0.5333878705803312
CHEMBL4763128,O=C(Nc1cnc(-n2nccn2)c(Cl)c1)Nc1cnc2cc(Cl)nn2c1C1CCOCC1,8.0,8.644276746031748,-0.644276746031748,0.03190073252037453,1.0,35218466.11746546,0.08418868814596217,16.61814981549555,15.296045424903113,0.0,10.175743130634118,0.4927063841446677
CHEMBL4459895,CC(C)[C@H](NC(=O)c1ccc(Br)cc1)C(=O)N1CCC[C@H]1C(=O)N[C@@H](CCCNC(=N)N)C(=O)CF,8.0,7.120748495624754,0.8792515043752456,0.14524133933100927,0.0,61135849.470604844,-0.14101241644851262,11.742799515108775,0.0,3.0,0.0,-2.5391255127879413
CHEMBL4787356,CO[C@H](C)c1c(NC(=O)Nc2cnc(-n3nccn3)c(Cl)c2)cnc2cc(Cl)nn12,7.89,8.323516230158733,-0.433516230158733,0.03174395341581223,1.0,8619484.949432792,0.1143507692057253,16.61814981549555,15.296045424903113,1.0,10.175743130634118,0.341706373776526
CHEMBL4127375,COc1ncc(NC(=O)C2CCN(c3ncccc3Cl)CC2)cc1Cl,7.89,7.356399682539679,0.533600317460321,0.03312662482131359,2.0,528334.9162074495,-0.1199586999647603,0.0,0.0,0.0,10.045266627482652,1.0035101209021389
CHEMBL4740000,COc1ccc2ncc(NC(=O)Nc3cnc(-n4nccn4)c(Cl)c3)c(C3CC3)c2c1,7.89,7.126612095034594,0.7633879049654055,0.02834754244885813,2.0,23402990.851566203,0.2618330448051156,5.817862777835028,10.197363616602075,0.0,5.022633313741326,1.5245107826058473
CHEMBL4784806,CC(C)c1c(NC(=O)Nc2ccnc(C(F)(F)F)c2)cnc2cc(Cl)nn12,7.82,7.262627789802791,0.557372210197209,0.019881961522773564,1.0,915787.7708430842,-0.14066443050923502,10.800287037660521,18.269926951325495,0.0,5.153109816892792,-0.04210740938554802
CHEMBL4534670,CC(C)[C@H](NC(=O)OCc1ccccc1)C(=O)N[C@@H](CCCNC(=N)N)C(=O)N1CCC[C@H]1C(=O)NC(CCCNC(=N)N)C(=O)CF,7.8,7.304125491961748,0.49587450803825206,0.9993400515903548,0.0,16765210275.39584,-0.14216604223981566,17.702354083852608,0.0,4.0,0.0,-3.5246417533103696
CHEMBL4795854,COc1ncc(NC(=O)Nc2cnc3cc(Br)nn3c2N2CCOC[C@@H]2C)cc1Cl,7.77,7.886940679690681,-0.11694067969068112,0.021580289319801958,1.0,7495178.214351902,0.09836472310692308,11.465039998602755,9.61407970191666,1.0,5.022633313741326,1.0070973225340156
CHEMBL4795308,COCc1c(NC(=O)Nc2cnc(-n3nccn3)c(Cl)c2)cnc2cc(Cl)nn12,7.75,8.008475430495428,-0.2584754304954284,0.032473007683126186,1.0,5700346.673875293,0.17974013811417702,16.61814981549555,15.296045424903113,0.0,10.175743130634118,0.34279452804649835
CHEMBL4791759,COC(C)c1c(NC(=O)Nc2cnc(-n3nccn3)c(Cl)c2)cnc2ccc(F)cc12,7.75,7.734812943399194,0.015187056600805882,0.02889662229132803,2.0,13638238.657951472,0.12099081340031825,5.817862777835028,10.197363616602075,1.0,5.022633313741326,-0.08100129502619335
CHEMBL4559304,O=C1COc2c(Cl)cc(NC(=O)C3CCN(c4ncccc4Cl)CC3)cc2N1,7.7,7.3818732744107685,0.3181267255892317,0.03322891107025163,1.0,2680871.5568707273,-0.12019973579694919,12.356393797796823,0.0,0.0,10.045266627482652,0.7063629655326157
CHEMBL4556101,COc1ccc(NC(=O)C2CCN(c3ncccc3Br)C(C)C2)cc1Cl,7.7,7.296134080364081,0.4038659196359191,0.05630742434679159,1.0,755827.1285092597,-0.12022360896242955,0.0,0.0,2.0,5.022633313741326,1.5099661675758669
CHEMBL5278273,CS(=O)(=O)/N=C(\NCc1cccc(Cl)c1)NCc1cc(-c2ccc(Cl)cc2)n(-c2ccc(Cl)cc2)n1,7.7,7.9360840608465635,-0.2360840608465633,0.043547545316399816,0.0,107734086.89913358,0.6025181740271007,0.0,5.098681808301038,0.0,15.067899941223978,0.10329756369438936
CHEMBL4129385,CNC(=O)c1ncn(-c2ccc(NC(=O)C3CCN(c4ncccc4Cl)CC3)cc2Cl)n1,7.68,7.3978660714285756,0.28213392857142416,0.02059385248013272,1.0,23747102.320327446,-0.11995909101132626,0.0,0.0,0.0,10.045266627482652,0.23920750078954
CHEMBL5281444,CS(=O)(=O)/N=C(/NCc1cc(-c2ccc(Cl)cc2)n(-c2ccc(Cl)cc2)n1)NCc1cccs1,7.58,7.332315706145708,0.24768429385429247,0.03362020597655513,0.0,51803437.667245835,0.6025435069114025,0.0,5.098681808301038,0.0,10.045266627482652,0.157394313505425
CHEMBL4786633,O=C(Nc1ccc(-n2cncn2)c(Cl)c1)N[C@H]1COc2ccc(Br)cc2C1,7.58,7.288833835978833,0.2911661640211669,0.02659963160601384,0.0,2184634.281876069,0.22230950323411752,0.0,5.098681808301038,1.0,5.022633313741326,0.8538333341691098
CHEMBL4749826,CCOC(C)c1c(NC(=O)Nc2cnc(-n3nccn3)c(Cl)c2)cnc2ccc(F)cc12,7.57,7.614032420912414,-0.04403242091241388,0.02806390800552069,2.0,21630599.55206673,0.07782839634413856,5.817862777835028,10.197363616602075,1.0,5.022633313741326,-0.07450571109242254
CHEMBL4128618,O=C(Nc1ccc(F)c(Cl)c1)C1CCN(c2ncccc2Cl)CC1,7.55,7.179124033852851,0.3708759661471488,0.021667395875263406,1.0,311075.77705099393,-0.11995610854916511,0.0,0.0,0.0,10.045266627482652,0.06533687361907825
CHEMBL4751498,CC(O)c1c(NC(=O)Nc2cnc(-n3nccn3)c(Cl)c2)cnc2ccccc12,7.55,7.452741212058638,0.097258787941362,0.028208017044247864,2.0,5552243.157820121,0.201238258994043,5.817862777835028,10.197363616602075,1.0,5.022633313741326,0.34513479461753405
CHEMBL4798110,COc1ccc(NC(=O)Nc2cnc3ccc(Br)cc3c2Cl)cc1Cl,7.54,7.223065448179272,0.3169345518207276,0.015933419111465015,1.0,434040.5099963183,0.2618574165858676,0.0,0.0,0.0,10.045266627482652,0.5277549942831885
CHEMBL4749854,COC(C)c1c(NC(=O)Nc2cnc(-n3nccn3)c(Cl)c2)cnc2sc(C)nc12,7.52,7.523648082225509,-0.003648082225509164,0.02590691249611714,2.0,8619484.949432792,0.12086521085024715,5.817862777835028,10.197363616602075,1.0,5.022633313741326,0.3586888962398178
CHEMBL4443047,COc1ncc(NC(=O)C2CCN(c3ncccc3Br)CC2)cc1Cl,7.52,6.984202645502645,0.5357973544973547,0.027090889158476333,2.0,528334.9162074495,-0.11995939215249012,0.0,0.0,0.0,5.022633313741326,1.211843739592328
CHEMBL5270817,CS(=O)(=O)/N=C(\NCc1ccccc1)NCc1cc(-c2ccc(Cl)cc2)n(-c2ccc(Cl)cc2)n1,7.51,7.436708087098086,0.07329191290191339,0.03367150386624594,0.0,77353546.10675794,0.6025191099661003,0.0,5.098681808301038,0.0,10.045266627482652,0.14392492575032279
CHEMBL4747104,COc1ncc(NC(=O)NC2COc3ccc(Br)cc3C2)cc1Cl,7.51,7.150980145502648,0.35901985449735196,0.02384789484543847,1.0,283590.4081530208,0.22229821292954108,0.0,0.0,1.0,5.022633313741326,1.1604478399499356
CHEMBL4790415,COC(C)c1c(NC(=O)Nc2cnc(-n3nccn3)c(Cl)c2)cnc2ccccc12,7.48,7.517981856876789,-0.037981856876788456,0.025884479083425154,2.0,9688597.227422923,0.12100092814360161,5.817862777835028,10.197363616602075,1.0,5.022633313741326,0.3634811368275128
CHEMBL5278468,CS(=O)(=O)/N=C(\NCc1ccccn1)NCc1cc(-c2ccc(Cl)cc2)n(-c2ccc(Cl)cc2)n1,7.47,7.176011261701266,0.29398873829873384,0.03368003709609934,1.0,77353546.10675794,0.6024731926589717,0.0,5.098681808301038,0.0,10.045266627482652,0.10392492575032297
CHEMBL4130251,Nc1cccnc1N1CCC(C(=O)Nc2ccc(-n3nccn3)c(Cl)c2)CC1,7.46,7.146869023215347,0.3131309767846533,0.015508586320158998,1.0,4038902.2350043515,-0.1199548909042035,5.817862777835028,14.99386983910109,0.0,5.022633313741326,0.72042053108674
CHEMBL4789469,COC(C)(C)c1c(NC(=O)Nc2cnc(-n3nccn3)c(Cl)c2)cnc2ccc(F)cc12,7.46,7.380732949474273,0.07926705052572736,0.025100204406842082,2.0,18184610.941775028,0.02104217427206575,5.817862777835028,10.197363616602075,0.0,5.022633313741326,-0.08884870855542526
CHEMBL4784899,CCOC(C)c1c(NC(=O)Nc2cnc(-n3nccn3)c(Cl)c2)cnc2sc(C)nc12,7.44,7.374305509751688,0.06569449024831275,0.025140852955847087,2.0,13671402.977792453,0.07772487762080178,5.817862777835028,10.197363616602075,1.0,5.022633313741326,0.3601887318742687
CHEMBL4470809,O=C(Nc1cnc(OC2CC2)c(Cl)c1)C1CCN(c2ncccc2Cl)CC1,7.4,6.988245818903315,0.4117541810966854,0.032864403451941186,2.0,3081306.998387097,-0.11995963798647402,0.0,0.0,0.0,10.045266627482652,1.1234919941028763
CHEMBL5286543,CC(=O)N[C@H](C(=O)NCc1cc(-c2ccc(Cl)cc2)n(-c2ccc(Cl)cc2)n1)c1ccccc1,7.38,7.223516428571421,0.15648357142857883,0.0261593750577063,0.0,57087104.61396265,-0.127922400282087,0.0,5.098681808301038,1.0,10.045266627482652,-0.614324191287575
CHEMBL5287727,CS(=O)(=O)/N=C(/NCc1cc(-c2ccc(Cl)cc2)n(-c2ccc(Cl)cc2)n1)N[C@H](CO)c1ccccc1,7.35,7.238307888685392,0.11169211131460788,0.02169489011268999,0.0,194122760.77306023,0.25669022822667753,0.0,5.098681808301038,1.0,10.045266627482652,-0.0004732223978254346
CHEMBL4794268,Cc1nc2c(C3CC3)c(NC(=O)Nc3cnc(-n4nccn4)c(Cl)c3)cnc2s1,7.34,7.214685574795578,0.12531442520442226,0.02529270210648448,2.0,6968614.086467852,0.26183394196847753,5.817862777835028,10.197363616602075,0.0,5.022633313741326,0.7930216007419358
CHEMBL4551225,COc1ccc(NC(=O)C2CCN(c3ncccc3C)C(C)C2)cc1Cl,7.3,7.117615852850849,0.18238414714915052,0.05787108673293995,1.0,755827.1285092597,-0.12022291566330129,0.0,0.0,2.0,5.022633313741326,1.6247622431806652
CHEMBL4534539,COc1ccc(NC(=O)C2CCN(c3ncccc3Br)CC2)cc1Cl,7.3,6.69461065984941,0.6053893401505901,0.017638545741462144,1.0,528334.9162074495,-0.11995647251606596,0.0,0.0,0.0,5.022633313741326,1.539621517370106
CHEMBL4761510,COc1ccc(NC(=O)NC2COc3ccc(Br)cc3C2)cc1Cl,7.3,7.109680105820106,0.19031989417989426,0.033819777386983524,0.0,283590.4081530208,0.22230691087929322,0.0,0.0,1.0,5.022633313741326,1.4204478399499358
CHEMBL5279448,N[C@H](C(=O)NCc1cc(-c2ccc(Cl)cc2)n(-c2ccc(Cl)cc2)n1)c1ccccc1,7.28,6.749435198412698,0.5305648015873023,0.02448286327280563,0.0,15489678.827284204,-0.12219157134438823,0.0,5.098681808301038,1.0,10.045266627482652,-0.26362420501309347
CHEMBL5286997,CS(=O)(=O)/N=C(/NCc1cc(-c2ccc(Cl)cc2)n(-c2ccc(Cl)cc2)n1)NCC1CC1,7.28,7.0943276719576795,0.1856723280423207,0.037053398219719265,0.0,20833835.455802176,0.6023232383492984,0.0,5.098681808301038,0.0,10.045266627482652,0.8015430904986487
CHEMBL5290417,CN(C)[C@H](C(=O)NCc1cc(-c2ccc(Cl)cc2)n(-c2ccc(Cl)cc2)n1)c1ccccc1,7.28,6.956016137566132,0.32398386243386845,0.024288744443333034,0.0,35451907.89083168,-0.12550682361531654,0.0,5.098681808301038,1.0,10.045266627482652,-0.08306864945753789
CHEMBL4128008,Cc1ccc(NC(=O)C2CCN(c3ncccc3Cl)CC2)cc1Cl,7.27,7.090783453398449,0.17921654660155095,0.01935721293307829,1.0,311075.77705099393,-0.1199551083029035,0.0,0.0,0.0,10.045266627482652,0.8276343365629082
CHEMBL4763765,CCOC(C)c1c(NC(=O)Nc2cnc(-n3nccn3)c(Cl)c2)cnc2ccccc12,7.26,7.358490051598729,-0.09849005159872881,0.02511453666161537,2.0,15369158.872172745,0.0778353318247487,5.817862777835028,10.197363616602075,1.0,5.022633313741326,0.3649809724619637
CHEMBL5282179,CC(=O)NC(C(=O)NCc1cc(-c2ccc(Cl)cc2)n(-c2ccc(Cl)cc2)n1)c1ccccn1,7.25,7.33884851851851,-0.08884851851851039,0.026300753657904075,1.0,57087104.61396265,-0.12801892123223757,6.041840829147961,5.098681808301038,1.0,10.045266627482652,-0.7168241912875748
CHEMBL5290312,N/C(=N\S(=O)(=O)c1cccc(F)c1)NCc1cc(-c2ccc(Cl)cc2)n(-c2ccc(Cl)cc2)n1,7.25,6.84359555555556,0.4064044444444397,0.04528191382467882,0.0,44414299.728366256,0.5918530950104799,0.0,13.516478792629975,0.0,10.045266627482652,-1.0383140654980956
CHEMBL4751838,COc1ccc(NC(=O)NC2COc3ccc(F)cc3C2)cc1Cl,7.24,7.172751058201056,0.06724894179894392,0.025725706298786746,0.0,283590.4081530208,0.22207270790693853,0.0,0.0,1.0,5.022633313741326,0.8556107595535194
CHEMBL5274033,COc1cccc(S(=O)(=O)/N=C(\N)NCc2cc(-c3ccc(Cl)cc3)n(-c3ccc(Cl)cc3)n2)c1,7.22,7.344661658526661,-0.12466165852666133,0.03090533613738948,0.0,77361553.28662156,0.4131685198046781,0.0,13.516478792629975,0.0,10.045266627482652,0.13627729882541084
CHEMBL5287958,CS(=O)(=O)N[C@H](C(=O)NCc1cc(-c2ccc(Cl)cc2)n(-c2ccc(Cl)cc2)n1)c1ccccc1,7.22,7.174775119047611,0.045224880952388524,0.02825830307123788,0.0,72677520.84333177,-0.12258634917336167,0.0,9.820776672753126,1.0,10.045266627482652,-0.4900825383464269
CHEMBL4758420,C[C@H]1COCCN1c1c(NC(=O)Nc2cnc(OC3CCN(C)CC3)c(Cl)c2)cnc2ccc(F)cc12,7.16,7.341541653439155,-0.18154165343915452,0.03619529616970112,2.0,239051876.06053457,0.09913093681073594,0.0,0.0,1.0,5.022633313741326,-0.020499022676253364
CHEMBL4788571,Cc1nc2c(C(C)O)c(NC(=O)Nc3cnc(-n4nccn4)c(Cl)c3)cnc2s1,7.16,7.411434095656518,-0.251434095656518,0.028225672420352413,2.0,4930717.798828721,0.20104670907096542,5.817862777835028,10.197363616602075,1.0,5.022633313741326,0.34034255402983904
CHEMBL4756634,COc1ncc(NC(=O)Nc2cnc3ccc(F)cc3c2N(C)C2CCCN(C)C2)cc1Cl,7.16,7.212471276455034,-0.05247127645503369,0.04218056345658962,2.0,25219054.080176122,0.24781859923895355,0.0,0.0,1.0,5.022633313741326,-0.09258843739633749
CHEMBL4742156,CC(C)c1c(NC(=O)Nc2cnc(-n3nccn3)c(Cl)c2)cnc2ccccc12,7.11,7.129204377890625,-0.01920437789062479,0.025568746729133413,2.0,5552243.157820121,0.26182955115290824,5.817862777835028,10.197363616602075,0.0,5.022633313741326,0.5820493785197136
CHEMBL4740768,O=C(Nc1cnc(-n2nccn2)c(Cl)c1)Nc1cnc2cc(F)ccc2c1C1CC1,7.04,7.231817949596697,-0.19181794959669674,0.026506250044765225,2.0,13491160.332422389,0.2618320120074426,5.817862777835028,10.197363616602075,0.0,5.022633313741326,0.34367482535116967
CHEMBL5276988,N/C(=N\S(=O)(=O)c1ccccc1)NCc1cc(-c2ccc(Cl)cc2)n(-c2ccc(Cl)cc2)n1,7.03,6.811597460317461,0.21840253968253887,0.0417643486165995,0.0,31837584.55965624,0.5973172644409553,0.0,13.516478792629975,0.0,10.045266627482652,-0.22876025943486233
CHEMBL4129988,Nc1cccnc1N1CCC(C(=O)Nc2ccc(F)c(Cl)c2)CC1,7.0,6.461604302010622,0.5383956979893778,0.013043021447956424,1.0,311075.77705099393,-0.11995541431607369,5.817862777835028,0.0,0.0,5.022633313741326,0.0823436996346032
CHEMBL4546577,COc1ccc(NC(=O)C2CCN(c3ncccc3Cl)CC2)cc1Cl,7.0,6.8062939947089935,0.19370600529100646,0.021497126738459292,1.0,528334.9162074495,-0.1199557802011422,0.0,0.0,0.0,10.045266627482652,1.3312878986799168
CHEMBL4471046,O=C(Nc1cc(Cl)c2occc2c1)C1CCN(c2ncccc2Cl)CC1,7.0,6.846038080269406,0.1539619197305937,0.01892117499422355,1.0,1425302.2571729713,-0.11995446321956425,5.583020141642242,0.0,0.0,10.045266627482652,0.7439401259815221
CHEMBL4127369,O=C(Nc1ccc(F)c(Cl)c1)C1CCN(c2nccnc2Cl)CC1,7.0,6.213112037037038,0.7868879629629619,0.03005016889719213,0.0,311075.77705099393,-0.11995613801615987,10.97097259472782,0.0,0.0,10.175743130634118,-0.0877245605206527
CHEMBL4446759,COc1ccc(NC(=O)C2CCN(c3ncccc3C)CC2)cc1Cl,7.0,6.457402263986016,0.5425977360139838,0.01905076331859676,1.0,528334.9162074495,-0.1199559091775116,0.0,0.0,0.0,5.022633313741326,1.654417592974904
CHEMBL4565085,O=C(Nc1cnc(Oc2cccnc2)c(Cl)c1)C1CCN(c2ncccc2Cl)CC1,6.89,6.833952447089952,0.056047552910047926,0.0605043296572598,3.0,8453462.08578241,-0.11995971264964916,0.0,0.0,0.0,10.045266627482652,1.388217557649654
CHEMBL4460951,COc1cnc(NC(=O)C2CCN(c3ncccc3Cl)CC2)cc1Cl,6.89,6.8071005026455,0.08289949735450008,0.032676088195688444,2.0,528334.9162074495,-0.1199803202562991,5.749511833283905,0.0,0.0,10.045266627482652,1.5275534019223325
CHEMBL4764115,COc1ccc(NC(=O)N[C@H]2COc3ccccc3C2)cc1Cl,6.87,6.740759365079363,0.1292406349206372,0.03429258957434911,0.0,202019.95454992852,0.22234776255156685,0.0,0.0,1.0,5.022633313741326,1.4470432815453773
CHEMBL4742888,COc1ccc(NC(=O)NC2CSc3ccc(F)cc3C2)cc1Cl,6.84,6.928006137566137,-0.08800613756613718,0.028983352298197086,0.0,283590.4081530208,0.2489647010631662,0.0,0.0,1.0,5.022633313741326,1.034591913410399
CHEMBL4783666,COc1ccc(NC(=O)NC2COc3ccc(C#N)cc3C2)cc1Cl,6.82,6.876067962962956,-0.05606796296295613,0.03327566114153118,0.0,497842.08780272264,0.22233158502754316,0.0,5.261891554738487,1.0,5.022633313741326,1.2894479159829788
CHEMBL4759864,Cc1c(NC(=O)Nc2cnc(-n3nccn3)c(Cl)c2)cnc2ccc(Br)cc12,6.8,6.498892517683844,0.3011074823161559,0.026348394413375446,2.0,3331602.6304764217,0.2618372350803195,5.817862777835028,10.197363616602075,0.0,5.022633313741326,0.37294017946837354
CHEMBL5280747,O=C(NCc1cc(-c2ccc(Cl)cc2)n(-c2ccc(Cl)cc2)n1)C(O)c1ccccc1,6.8,6.661874187109181,0.13812581289081916,0.021337634979458613,0.0,15489678.827284204,-0.12934742040212321,6.103966387748303,5.098681808301038,1.0,10.045266627482652,-0.48584642723531535
CHEMBL4755479,COC(C)(C)c1c(NC(=O)Nc2cnc(-n3nccn3)c(Cl)c2)cnc2ccccc12,6.78,7.186717757612758,-0.40671775761275786,0.021610052829764796,2.0,12925838.66256877,0.021049402748273015,5.817862777835028,10.197363616602075,0.0,5.022633313741326,0.361559649224207
CHEMBL4125938,Cc1nc(C)n(-c2ccc(NC(=O)C3CCN(c4ncccc4[N+](=O)[O-])CC3)cc2Cl)n1,6.74,6.644171230158733,0.0958287698412672,0.030069447012628727,1.0,18337106.016273055,-0.3839095649493386,0.0,5.098681808301038,0.0,5.022633313741326,1.4178049118161455
CHEMBL5285243,O=C(Cc1ccccc1)NCc1cc(-c2ccc(Cl)cc2)n(-c2ccc(Cl)cc2)n1,6.73,6.267649359779874,0.4623506402201265,0.01908450980349303,0.0,9801565.709074998,-0.12013722877927711,0.0,5.098681808301038,0.0,10.045266627482652,-0.04603161242050091
CHEMBL4584981,CO[C@@H](C)c1c(Nc2ccc([C@@H](N(C)C(=O)C3CCS(=O)(=O)CC3)C(F)(F)F)cc2)cnc2cc(Cl)nn12,6.72,7.565545476190482,-0.8455454761904821,0.06959169610877904,0.0,186571854.79403198,-0.19021361679366391,16.842127866808482,18.269926951325495,2.0,5.153109816892792,-1.9020325278378762
CHEMBL4127519,O=C(Nc1cccc(Cl)c1)C1CCN(c2ncccc2Cl)CC1,6.68,6.850435304232807,-0.17043530423280728,0.019357858976546204,1.0,207241.348783157,-0.11995452669459022,0.0,0.0,0.0,10.045266627482652,0.8283517378484908
CHEMBL4541376,COc1ccc(NC(=O)C2CCN(c3ccccc3Cl)CC2)cc1Cl,6.64,6.11948554232804,0.5205144576719594,0.020177825951150113,0.0,528334.9162074495,-0.1199527354645794,0.0,0.0,0.0,10.045266627482652,0.6040469405583113
CHEMBL5278620,NC(C(=O)NCc1cc(-c2ccc(Cl)cc2)n(-c2ccc(Cl)cc2)n1)c1ccccn1,6.64,6.9742705026455045,-0.33427050264550484,0.026308850755372887,1.0,15489678.827284204,-0.12226803104660268,0.0,5.098681808301038,1.0,10.045266627482652,-0.32612420501309347
CHEMBL4556123,COc1ccc(NC(=O)C2CCN(c3ncccc3C)CC2C)cc1Cl,6.64,6.819533298738291,-0.17953329873829116,0.0614031414368364,1.0,750539.9427365437,-0.12130030856632316,0.0,0.0,2.0,5.022633313741326,1.8503384011129742
CHEMBL4782908,Cc1c(NC(=O)Nc2cnc(-n3nccn3)c(Cl)c2)cnc2ccccc12,6.62,6.166373637353934,0.45362636264606593,0.026327419094867823,2.0,2360706.5912251216,0.2618372926056314,5.817862777835028,10.197363616602075,0.0,5.022633313741326,0.37703562106381505
CHEMBL4754209,COc1ccc(NC(=O)Nc2cnc3ccc(Br)cc3c2)cc1Cl,6.62,6.359236417395241,0.26076358260475896,0.014383652409738204,1.0,283590.4081530208,0.2618582647743131,0.0,0.0,0.0,5.022633313741326,0.5480842123901846
CHEMBL1336903,COc1ccc(NC(=O)NC2COc3ccccc3C2)cc1Cl,6.61,6.740759365079363,-0.1307593650793626,0.03429258957434911,0.0,202019.95454992852,0.22234776255156685,0.0,0.0,1.0,5.022633313741326,1.4470432815453773
CHEMBL5266044,N/C(=N\S(=O)(=O)c1cccs1)NCc1cc(-c2ccc(Cl)cc2)n(-c2ccc(Cl)cc2)n1,6.6,6.71987511904762,-0.11987511904762016,0.04188278954978033,0.0,21392973.81334885,0.5992966913870886,0.0,13.516478792629975,0.0,10.045266627482652,-0.21529087167976013
CHEMBL5272551,N/C(=N\S(=O)(=O)C1CC1)NCc1cc(-c2ccc(Cl)cc2)n(-c2ccc(Cl)cc2)n1,6.59,6.397059153439157,0.19294084656084287,0.032961218988096834,0.0,8853349.101103092,0.5960314139661466,0.0,5.098681808301038,0.0,10.045266627482652,-0.14260568649457506
CHEMBL5277558,O=C(CCc1ccccc1)NCc1cc(-c2ccc(Cl)cc2)n(-c2ccc(Cl)cc2)n1,6.58,6.555221823857184,0.0247781761428163,0.01910212500541997,0.0,16328632.064996894,-0.12075908438465206,0.0,5.098681808301038,0.0,10.045266627482652,-0.001908407583010474
CHEMBL5284437,N[C@@H](Cc1ccccc1)C(=O)NCc1cc(-c2ccc(Cl)cc2)n(-c2ccc(Cl)cc2)n1,6.55,6.650872976190477,-0.10087297619047675,0.02435119133225262,0.0,24171944.073679313,-0.12203963114547602,0.0,5.098681808301038,1.0,10.045266627482652,-0.2195010001756028
CHEMBL4476038,CC[C@@H]1C[C@H](C(=O)Nc2ccc(OC)c(Cl)c2)CCN1c1ncccc1C,6.54,6.7249829019128935,-0.18498290191289346,0.05838215689495901,1.0,1311025.8850200658,-0.12027090914599747,0.0,0.0,2.0,5.022633313741326,1.660248162984767
CHEMBL5184753,FC(F)(F)c1nccc(N[C@H]2CC[C@@H](Nc3ccc4nnc(Cl)n4n3)CC2)n1,6.52,5.933041258541412,0.586958741458588,0.020204699635001027,0.0,2758867.4015619084,-0.14441992055797886,5.647177220767728,17.68664303664008,0.0,5.283586320044258,-0.2858312597562229
CHEMBL4129254,Cc1cn(-c2cc(NC(=O)C3CCN(c4ncccc4Cl)CC3)cc(C(F)(F)F)c2)cn1,6.47,6.893750859788359,-0.4237508597883597,0.01983228113772391,1.0,16957137.961549554,-0.13720046898392538,0.0,13.171245143024459,0.0,5.022633313741326,0.053004256481751555
CHEMBL4525068,COc1ccc(NC(=O)C2CCN(c3ncccc3OC)CC2)cc1Cl,6.46,6.159343261047233,0.30065673895276657,0.03883289638587437,1.0,916535.1732035725,-0.11995609759494184,11.567374611118932,0.0,0.0,5.022633313741326,2.140793099072286
CHEMBL5282720,N[C@@H](C(=O)NCc1cc(-c2ccc(Cl)cc2)n(-c2ccc(Cl)cc2)n1)c1ccccc1,6.43,6.749435198412698,-0.3194351984126982,0.02448286327280563,0.0,15489678.827284204,-0.12219157134438823,0.0,5.098681808301038,1.0,10.045266627482652,-0.26362420501309347
CHEMBL3632807,CC1(C)CCC2=C(O1)c1ccc([N+](=O)[O-])cc1C(=O)C2=O,6.4,5.797647440892447,0.6023525591075529,0.02423337040823981,0.0,49251.192140361876,-0.3844548304308961,0.0,0.0,0.0,0.0,-0.9259240362811785
CHEMBL5285346,CS(=O)(=O)/N=C(\N)NCc1cc(-c2ccc(Cl)cc2)n(-c2ccc(Cl)cc2)n1,6.4,6.212994960317462,0.18700503968253823,0.03363001556917209,0.0,1715233.3571676223,0.603052347418461,0.0,5.098681808301038,0.0,10.045266627482652,-0.197605686494575
CHEMBL5192821,FC(F)(F)c1nccc(N[C@H]2CC[C@@H](Nc3ccc4ncc(Cl)n4n3)CC2)n1,6.4,6.076313188971682,0.32368681102831864,0.015462054468512091,0.0,2758867.4015619084,-0.1444198783456316,10.800287037660521,13.171245143024459,0.0,5.153109816892792,-0.23378477449545232
CHEMBL4594202,COc1ccc(NC(=O)C2CCN(c3ncccc3C(F)(F)F)CC2)cc1Cl,6.39,6.016369451800929,0.3736305481990705,0.02004035046699466,1.0,1667088.9897305265,-0.13699786033192202,0.0,13.171245143024459,0.0,5.022633313741326,-0.06229300816506944
CHEMBL395110,CN1CCCC(CN2c3ccccc3Sc3ccccc32)C1,6.38,6.654882351712608,-0.2748823517126082,0.036817570984823425,0.0,194296.0722089478,0.21359013849931446,0.0,0.0,1.0,0.0,0.7527428193499619
CHEMBL4128693,N#Cc1cccnc1N1CCC(C(=O)Nc2ccc(F)c(Cl)c2)CC1,6.38,6.09268263523786,0.2873173647621403,0.01256976759394886,1.0,540327.9623456214,-0.11995672905340707,0.0,5.261891554738487,0.0,5.022633313741326,-0.1074209350800468
CHEMBL4784606,O=C(Nc1cnc(-n2nccn2)c(Cl)c1)Nc1cnc2cc(Cl)ccc2c1C1CC1,6.37,7.100892010767008,-0.7308920107670076,0.024555748352900586,2.0,13491160.332422389,0.2618334896363258,5.817862777835028,10.197363616602075,0.0,10.045266627482652,0.7823844894442349
CHEMBL4760252,O=C(Nc1cnc(-n2nccn2)c(Cl)c1)Nc1cnc2ccccc2c1C1CCCC1,6.35,6.880127592777588,-0.5301275927775881,0.025327266140822827,2.0,25720391.872121733,0.2618229075175686,5.817862777835028,10.197363616602075,0.0,5.022633313741326,0.8055916191074088
CHEMBL4866278,CN(C)CCNC(=O)c1cc(-c2ccc(Cl)cc2)n(-c2ccc(Cl)cc2)n1,6.31,5.734782939894773,0.5752170601052269,0.011930464747348437,0.0,1431478.3694773405,0.09453766254807038,5.693927994848461,5.098681808301038,0.0,10.045266627482652,-0.20853975952520898
CHEMBL5209109,CN(c1ccc2nnc(Cl)n2n1)[C@H]1CC[C@@H](Nc2ccnc(C(F)(F)F)n2)CC1,6.3,5.994368036404618,0.30563196359538214,0.020452600297005904,0.0,4327472.24796171,-0.1444202253850245,5.647177220767728,17.68664303664008,0.0,5.283586320044258,-0.19003304232110085
CHEMBL5275402,Cn1ccc(S(=O)(=O)/N=C(\N)NCc2cc(-c3ccc(Cl)cc3)n(-c3ccc(Cl)cc3)n2)n1,6.29,6.481087786131998,-0.19108778613199817,0.044135787642764227,0.0,29520751.193079486,0.5892334043058639,5.025959978669241,18.615160600931013,0.0,10.045266627482652,-0.2687602594348619
CHEMBL4847984,CN1CCCCC1CNC(=O)c1cc(-c2ccc(Cl)cc2)n(-c2ccc(Cl)cc2)n1,6.28,5.985131454780303,0.2948685452196971,0.016398105886961944,0.0,9187504.327109938,0.09228817518230255,5.693927994848461,5.098681808301038,1.0,10.045266627482652,-0.16953654712913946
CHEMBL4537193,O=C1COc2ccc(NC(=O)C3CCN(c4ncccc4Cl)CC3)cc2N1,6.27,5.98678656126554,0.28321343873445937,0.014556188894710055,1.0,1869723.7690928357,-0.12019952792070261,6.606881964512918,0.0,0.0,5.022633313741326,1.0680691429530786
CHEMBL4442542,COc1ccc(NC(=O)C2CCN(c3nc(C)ccc3Cl)CC2)cc1Cl,6.26,6.50084502645503,-0.24084502645503036,0.02159885711871865,1.0,755360.648001292,-0.11995638852129323,0.0,0.0,0.0,10.045266627482652,1.345242470116936
CHEMBL5267101,N/C(=N\S(=O)(=O)c1ccncc1)NCc1cc(-c2ccc(Cl)cc2)n(-c2ccc(Cl)cc2)n1,6.25,6.897378730158727,-0.647378730158727,0.041436968466288415,1.0,31837584.55965624,0.5971489221548179,0.0,13.516478792629975,0.0,10.045266627482652,-0.24916842270016848
CHEMBL2036880,COc1ccc2c(c1)C(=O)C(=O)C1=C2OC(C)(C)CC1,6.22,5.725358198018697,0.49464180198130236,0.013568327676202419,0.0,34807.43777160735,-0.11217745690131087,0.0,0.0,0.0,0.0,0.1988258219954666
CHEMBL5177135,COc1ncc(N[C@H]2CC[C@@H](Nc3ccc4nnc(Cl)n4n3)CC2)cc1Cl,6.22,6.37754740740741,-0.15754740740741013,0.020481354587726236,1.0,2176927.1550115827,0.3977104637437489,5.647177220767728,4.5153978936156225,0.0,10.306219633785584,1.2079025614472811
CHEMBL4567817,COc1ccc(NC(=O)C2CCN(c3nccc4sccc34)CC2)cc1Cl,6.16,5.717365860531087,0.44263413946891284,0.018965649879729436,1.0,2472595.1511541703,-0.11995507694681282,0.0,0.0,0.0,5.022633313741326,1.6472350444404782
CHEMBL5281129,CN(C)[C@@H](CO)CNC(=O)c1cc(-c2ccc(Cl)cc2)n(-c2ccc(Cl)cc2)n1,6.16,5.947173658835606,0.21282634116439425,0.016735577171239052,0.0,3686047.885969732,0.09219267681199338,5.693927994848461,5.098681808301038,1.0,10.045266627482652,-0.3118267965622459
CHEMBL5285894,N/C(=N\S(=O)(=O)C1CCCCC1)NCc1cc(-c2ccc(Cl)cc2)n(-c2ccc(Cl)cc2)n1,6.12,6.430989338624342,-0.3109893386243421,0.02502641153237144,0.0,31837584.55965624,0.48408971573811194,0.0,5.098681808301038,0.0,10.045266627482652,-0.1299450666910984
CHEMBL5266733,N/C(=N\S(=O)(=O)Cc1ccccc1)NCc1cc(-c2ccc(Cl)cc2)n(-c2ccc(Cl)cc2)n1,6.11,6.562017420634923,-0.452017420634923,0.03405667835211178,0.0,47921231.09075204,0.5965224241496413,0.0,5.098681808301038,0.0,10.045266627482652,-0.4376873191019466
CHEMBL5199890,CSc1nnc2ccc(N[C@H]3CC[C@@H](Nc4ccnc(C(F)(F)F)n4)CC3)nn12,6.1,5.720251671085109,0.3797483289148911,0.024554008352315543,0.0,4790885.104575997,-0.144420126720066,5.647177220767728,17.68664303664008,0.0,0.0,-0.17999405954631253
CHEMBL4871514,CNCCNC(=O)c1cc(-c2ccc(Cl)cc2)n(-c2ccc(Cl)cc2)n1,6.1,5.638853190234757,0.4611468097652427,0.011958786304292326,0.0,1039024.0573965557,0.09484898186450003,5.693927994848461,5.098681808301038,0.0,10.045266627482652,-0.2192805002659497
CHEMBL4853614,O=C(NCC1COCCN1)c1cc(-c2ccc(Cl)cc2)n(-c2ccc(Cl)cc2)n1,6.09,5.897468736433197,0.19253126356680283,0.0165231547486761,0.0,6364125.660444464,0.0733190194118208,5.693927994848461,5.098681808301038,1.0,10.045266627482652,-0.23583284342543598
CHEMBL4127958,O=C(Nc1ccc(F)c(Cl)c1)C1CCN(c2ccccc2)CC1,6.09,5.717916938210996,0.3720830617890041,0.011299851661830585,0.0,217488.47117128555,-0.11995338104941002,0.0,0.0,0.0,5.022633313741326,-0.5416553110944138
CHEMBL4562750,CCc1cccnc1N1CCC(C(=O)Nc2ccc(OC)c(Cl)c2)CC1,6.08,5.820451590449311,0.25954840955068903,0.01957284854912339,1.0,916535.1732035725,-0.11995642029205678,0.0,0.0,0.0,5.022633313741326,1.6938824034352125
CHEMBL5272624,CCN/C(=N\S(C)(=O)=O)NCc1cc(-c2ccc(Cl)cc2)n(-c2ccc(Cl)cc2)n1,6.07,6.3634768518518525,-0.29347685185185224,0.03353295610090172,0.0,4737867.01371746,0.6026404228169929,0.0,5.098681808301038,0.0,10.045266627482652,0.17507949869061035
CHEMBL4457755,COc1ccc(NC(=O)C2CCN(c3ncccc3SC)CC2)cc1Cl,6.01,5.969173264330987,0.04082673566901285,0.01890333640588596,1.0,916535.1732035725,-0.11995814252639125,0.0,0.0,0.0,5.022633313741326,1.642861925388635
CHEMBL4471723,CNc1ncc(NC(=O)C2CCN(c3ncccc3Cl)CC2)cc1Cl,6.0,6.629339999999995,-0.6293399999999947,0.03275927490357857,2.0,528334.9162074495,-0.11995760196924447,0.0,0.0,0.0,10.045266627482652,1.2964877286118892
CHEMBL4785617,Cc1c(NC(=O)Nc2ccnc(C(F)(F)F)c2)cnc2cc(Cl)nn12,6.0,6.994140105820104,-0.9941401058201036,0.019837363209828034,1.0,390863.1060012267,-0.14066404140562275,10.800287037660521,18.269926951325495,0.0,5.153109816892792,0.0
CHEMBL4756051,COc1ccc(NC(=O)CC2COc3ccccc3C2)cc1Cl,6.0,5.831993122895626,0.16800687710437412,0.03483166094502964,0.0,202019.95454992852,-0.11694474054595035,0.0,0.0,1.0,5.022633313741326,1.6443356305837584
CHEMBL4848582,CN1CCC(O)CC1CNC(=O)c1cc(-c2ccc(Cl)cc2)n(-c2ccc(Cl)cc2)n1,6.0,6.154234336575735,-0.15423433657573504,0.045306617668632664,0.0,13084452.411150837,0.05388082252580115,5.693927994848461,5.098681808301038,2.0,10.045266627482652,-0.25334229164916966
CHEMBL5189224,FC(F)(F)c1nccc(N[C@@H]2CC[C@H](Nc3ccc4nnc(Cl)n4n3)C2)n1,5.96,5.971881823470061,-0.011881823470060837,0.0539857304476433,0.0,1822089.616335645,-0.14441908722360924,5.647177220767728,17.68664303664008,2.0,5.283586320044258,-0.36247238134902515
CHEMBL4536750,COc1ccc(NC(=O)C2CCN(c3nccn4cccc34)CC2)cc1Cl,5.96,5.426246108426242,0.5337538915737579,0.025000692189761867,0.0,2472595.1511541703,-0.11995520319312199,5.817862777835028,0.0,0.0,5.022633313741326,1.5802857797557892
CHEMBL5179449,FC(F)(F)c1nccc(N[C@H]2CC[C@@H](Nc3ccc4nnc(Br)n4n3)CC2)n1,5.96,5.485849966876786,0.47415003312321424,0.02436693329505479,0.0,2758867.4015619084,-0.1444198933453279,5.647177220767728,17.68664303664008,0.0,0.0,-0.2149902103735074
CHEMBL5172731,CN(c1ccnc(C(F)(F)F)n1)[C@H]1CC[C@@H](Nc2ccc3nnc(Cl)n3n2)CC1,5.96,5.877374682928819,0.08262531707118104,0.02050134175363913,0.0,4335651.842169288,-0.14444555228468114,5.647177220767728,17.68664303664008,0.0,5.283586320044258,-0.17495588182727262
CHEMBL5291278,NC(=O)/N=C(\N)NCc1cc(-c2ccc(Cl)cc2)n(-c2ccc(Cl)cc2)n1,5.95,6.1142809391534385,-0.16428093915343833,0.014639368462203126,0.0,1355641.384533209,0.2563822863702175,5.959554568743835,10.091086540936708,0.0,10.045266627482652,-0.072605686494575
CHEMBL5177508,FC(F)(F)c1nccc(O[C@H]2CC[C@@H](Nc3ccc4nnc(Cl)n4n3)CC2)n1,5.92,5.645571553094765,0.27442844690523494,0.03237778108177241,0.0,2758867.4015619084,-0.14490213884011957,5.647177220767728,22.67062155758729,0.0,5.283586320044258,-0.6187394230215291
CHEMBL15192,CC1(C)CCC2=C(O1)c1ccccc1C(=O)C2=O,5.92,5.692129101553979,0.22787089844602093,0.012630064235966734,0.0,13978.472974191931,-0.11217742716216678,0.0,0.0,0.0,0.0,-0.2099017384731665
CHEMBL4530029,COc1ccc(NC(=O)C2CCN(c3nccc4ccsc34)CC2)cc1Cl,5.89,5.669005398770624,0.22099460122937575,0.019089623018620553,1.0,2472595.1511541703,-0.11995515993731265,0.0,0.0,0.0,5.022633313741326,1.6568164968256542
CHEMBL5208911,FC(F)(F)c1cccc(N[C@H]2CC[C@@H](Nc3ccc4nnc(Cl)n4n3)CC2)c1,5.85,5.400108253625818,0.44989174637418206,0.0273268722856583,0.0,2758867.4015619084,-0.13709798909686413,5.647177220767728,17.68664303664008,0.0,5.283586320044258,0.6837847831715079
CHEMBL5269698,NC(=O)NCc1cc(-c2ccc(Cl)cc2)n(-c2ccc(Cl)cc2)n1,5.84,5.9712859788359784,-0.1312859788359786,0.015105660990694677,0.0,356716.2919680834,0.24819475697850013,0.0,5.098681808301038,0.0,10.045266627482652,0.0
CHEMBL3635001,O=C1C=C(NC2CCN(Cc3ccccc3)C2)c2ccccc2C1=O,5.82,5.536497750953104,0.28350224904689636,0.024564158484588053,0.0,951665.5031667417,-0.1105195912574699,0.0,0.0,1.0,0.0,-0.8623938077324964
CHEMBL3813831,COCCOc1nc(-c2ccc(Br)cc2)n(-c2ccc(NC(=O)CCl)cc2)n1,5.82,5.202404111831467,0.6175958881685331,0.012762819414575697,0.0,2790236.567579506,-0.11346617047482851,5.824404497999927,4.9839785209472085,0.0,0.0,0.2757228240906717
CHEMBL5187381,FC(F)(F)c1cc(N[C@H]2CC[C@@H](Nc3ccc4nnc(Cl)n4n3)CC2)ccn1,5.82,6.411977681855181,-0.5919776818551803,0.020760622669517143,1.0,2758867.4015619084,-0.14066522269191872,5.647177220767728,17.68664303664008,0.0,5.283586320044258,0.6755203203615906
CHEMBL3632804,CC1(C)CCC2=C(O1)c1ccc(F)cc1C(=O)C2=O,5.82,5.524983828995927,0.2950161710040735,0.019473388913303784,0.0,19649.46658066153,-0.11217796101308933,0.0,0.0,0.0,0.0,-1.2962724395313678
CHEMBL5283688,CC(=O)/N=C(\N)NCc1cc(-c2ccc(Cl)cc2)n(-c2ccc(Cl)cc2)n1,5.81,5.552201464284749,0.257798535715251,0.0174542136703897,0.0,1355641.384533209,-0.11527675194307645,5.959554568743835,10.091086540936708,0.0,10.045266627482652,-0.3146919123039522
CHEMBL3814576,COCCOc1nc(-c2ccc(Cl)cc2)n(-c2ccc(NC(=O)CCl)cc2)n1,5.8,5.29835675016601,0.5016432498339896,0.00791827441028918,0.0,2790236.567579506,-0.11346619627030353,5.824404497999927,4.9839785209472085,0.0,5.022633313741326,0.22291582577085323
CHEMBL5272154,N#C/N=C(\N)NCc1cc(-c2ccc(Cl)cc2)n(-c2ccc(Cl)cc2)n1,5.8,5.990237910052909,-0.19023791005290924,0.05699239065940054,0.0,994065.0810096232,0.8006692480729225,0.0,10.360573363039524,0.0,10.045266627482652,0.043135054246165705
CHEMBL3632806,CC1(C)CCC2=C(O1)c1ccc(C#N)cc1C(=O)C2=O,5.8,5.571824332472683,0.22817566752731722,0.013218533258294534,0.0,34807.43777160735,-0.11217766776553816,0.0,5.261891554738487,0.0,0.0,-0.5392724867724865
CHEMBL3634995,CN(C)CCNC1=CC(=O)C(=O)c2ccccc21,5.8,5.384913262841366,0.4150867371586342,0.015268738257187364,0.0,12070.54517340042,-0.11051744818003563,0.0,0.0,0.0,0.0,-0.8844327391450402
CHEMBL1520947,O=C(Nc1ccc(F)c(Cl)c1)C1CCN(c2ncccn2)CC1,5.79,5.6976171159973585,0.0923828840026415,0.009768904320103146,0.0,217488.47117128555,-0.11995974435161863,0.0,0.0,0.0,5.022633313741326,0.03944925306570668
CHEMBL4855466,CN1CCCC(NC(=O)c2cc(-c3ccc(Cl)cc3)n(-c3ccc(Cl)cc3)n2)C1,5.77,5.774889910794898,-0.004889910794898533,0.016399068886325804,0.0,5327124.687347444,0.09067743309121253,5.693927994848461,5.098681808301038,1.0,10.045266627482652,-0.1590490187844682
CHEMBL4458952,O=C(Nc1ccc(OC(F)(F)F)c(Cl)c1)C1CCN(c2ncccc2Cl)CC1,5.76,6.351709523809525,-0.5917095238095254,0.03349026962848055,1.0,1481273.9118031082,-0.27416041616629017,0.0,0.0,0.0,10.045266627482652,-0.27896956564977704
CHEMBL5204212,FC(F)(F)c1nccc(N[C@H]2CC[C@@H](Nc3ccc4nnc(C(F)(F)F)n4n3)CC2)n1,5.75,5.619739867324176,0.13026013267582393,0.07234278055539792,0.0,8752057.105515314,-0.14617496993395193,5.647177220767728,30.857888179664542,0.0,0.0,-2.0679250501177178
CHEMBL5278393,CC(=O)NCc1cc(-c2ccc(Cl)cc2)n(-c2ccc(Cl)cc2)n1,5.75,5.771793799048173,-0.021793799048173135,0.019051571390106832,0.0,356716.2919680834,-0.11865285167199362,0.0,5.098681808301038,0.0,10.045266627482652,-0.09343901982790825
CHEMBL5199333,FC(F)(F)c1cccc(N[C@H]2CC[C@@H](Nc3ccnc(C(F)(F)F)n3)CC2)c1,5.75,5.728186221043445,0.02181377895655512,0.06296330029810361,0.0,1330009.1589114952,-0.1445030213557911,0.0,26.34249028604892,0.0,0.0,-1.0888781045424396
CHEMBL5268688,CC(C)[C@H](N)C(=O)NCc1cc(-c2ccc(Cl)cc2)n(-c2ccc(Cl)cc2)n1,5.73,5.7134920829457085,0.016507917054291887,0.02430512080621913,0.0,2183048.372744935,-0.12293019467179625,0.0,5.098681808301038,1.0,10.045266627482652,-0.12468630852226448
CHEMBL4129003,O=C(Nc1ccc(F)c(Cl)c1)C1CCN(c2ccccn2)CC1,5.72,6.110179535510792,-0.390179535510792,0.011935082518660243,1.0,217488.47117128555,-0.11995644539746442,0.0,0.0,0.0,5.022633313741326,0.3445796385532347
CHEMBL4783451,CC(C)c1ncncc1NC(=O)Nc1cnc(-n2nccn2)c(Cl)c1,5.7,5.811327344665137,-0.11132734466513661,0.01255358299802382,1.0,616051.211504124,0.26180965558373953,5.817862777835028,10.197363616602075,0.0,5.022633313741326,0.5198550984408179
CHEMBL4852445,NCCNC(=O)c1cc(-c2ccc(Cl)cc2)n(-c2ccc(Cl)cc2)n1,5.7,5.422986907732214,0.2770130922677865,0.012114555717020019,0.0,639285.5367614351,0.09491074964676195,5.693927994848461,5.098681808301038,0.0,10.045266627482652,-0.27002124100669045
CHEMBL4846703,CN1CCOC[C@H]1CNC(=O)c1cc(-c2ccc(Cl)cc2)n(-c2ccc(Cl)cc2)n1,5.7,5.850071071459918,-0.1500710714599176,0.016963933853514662,0.0,9187504.327109938,0.006663649899534773,5.693927994848461,5.098681808301038,1.0,10.045266627482652,-0.22509210268469504
CHEMBL5276979,CC(=O)N[C@H](C(=O)NCc1cc(-c2ccc(Cl)cc2)n(-c2ccc(Cl)cc2)n1)C(C)C,5.69,5.698508241622213,-0.008508241622212864,0.02589245067038913,0.0,8045935.321744564,-0.12881628589463448,0.0,5.098681808301038,1.0,10.045266627482652,-0.5367317218564585
CHEMBL4851874,CCN1CCC[C@@H]1CNC(=O)c1cc(-c2ccc(Cl)cc2)n(-c2ccc(Cl)cc2)n1,5.68,5.934957738544139,-0.2549577385441397,0.01639024803670559,0.0,10390988.037394395,0.09356871877761323,5.693927994848461,5.098681808301038,1.0,10.045266627482652,-0.16585173987290358
CHEMBL5092340,O=C(Nc1cc(Cl)cc(Cl)c1)c1sc(=S)n2c1[nH]c(=O)c1ccccc12,5.66,5.405726317718016,0.2542736822819842,0.015218327260870678,0.0,975813.8296721992,0.10268097581191582,3.954284969442996,0.0,0.0,10.045266627482652,-0.40938476316452443
CHEMBL5286743,CS(=O)(=O)NCc1cc(-c2ccc(Cl)cc2)n(-c2ccc(Cl)cc2)n1,5.66,5.849184735449737,-0.18918473544973669,0.03201744622558578,0.0,455615.45822836243,0.5860067677287359,0.0,5.098681808301038,0.0,10.045266627482652,0.0
CHEMBL5191484,FC(F)(F)c1nccc(N[C@H]2CC[C@@H](Nc3ccnc(C(F)(F)F)n3)CC2)n1,5.66,5.739218998821221,-0.0792189988212213,0.07363746813802119,0.0,1330009.1589114952,-0.14516741144664425,0.0,26.34249028604892,0.0,0.0,-2.247339737875868
CHEMBL5080313,COc1cc2c(=O)[nH]c3c(C(=O)Nc4cc(Cl)cc(Cl)c4)sc(=S)n3c2cc1OC,5.66,5.685988376345193,-0.02598837634519313,0.04307830814802986,0.0,5955183.710724994,0.10267971813207447,15.453308636010807,0.0,0.0,10.045266627482652,0.3883151115287038
CHEMBL4860141,CN(C)CCCCNC(=O)c1cc(-c2ccc(Cl)cc2)n(-c2ccc(Cl)cc2)n1,5.65,5.680176773357852,-0.030176773357851516,0.011866773122276393,0.0,3826989.3905076454,0.09471089262255425,5.693927994848461,5.098681808301038,0.0,10.045266627482652,-0.18261099913216294
CHEMBL177685,COc1cc2c(cc1OC)C1=C(CCC(C)(C)O1)C(=O)C2=O,5.64,5.228813059082287,0.41118694091771246,0.027992082667874455,0.0,87446.03035931473,-0.1121795571397331,11.49902366656781,0.0,0.0,0.0,0.4201669973544975
CHEMBL5086302,O=C(NCc1ccccc1Cl)c1sc(=S)n2c1[nH]c(=O)c1cc(Br)ccc12,5.64,5.289929791581316,0.35007020841868375,0.008268667583114226,0.0,1723529.1582227,0.09558406767899405,3.954284969442996,0.0,0.0,5.022633313741326,-0.318859809355841
CHEMBL4526427,COc1ccc(NC(=O)C2CCN(c3nccc4ccccc34)CC2)cc1Cl,5.64,5.485338049265551,0.15466195073444844,0.018434185024957545,1.0,3323498.871847915,-0.11995532462082079,0.0,0.0,0.0,5.022633313741326,1.6049276569793205
CHEMBL3634993,CN(C)C1=CC(=O)C(=O)c2ccccc21,5.6,5.385331687722212,0.21466831227778727,0.015134885445918733,0.0,2793.291910540702,-0.11054660443333568,0.0,0.0,0.0,0.0,-0.8670370370370364
CHEMBL5077060,COC(=O)c1ccc2c(=O)[nH]c3c(C(=O)Nc4cc(Cl)cc(Cl)c4)sc(=S)n3c2c1,5.6,5.367309347161578,0.23269065283842139,0.021876735813123188,0.0,5894445.814675725,0.06004513045780307,3.954284969442996,0.0,0.0,10.045266627482652,-1.0472805989777205
CHEMBL3912981,CN(C)CCCNC(=O)c1cc(-c2ccc(Cl)cc2)n(-c2ccc(Cl)cc2)n1,5.58,5.674521558424787,-0.09452155842478671,0.011890616497478974,0.0,2349732.643970662,0.09466395613639601,5.693927994848461,5.098681808301038,0.0,10.045266627482652,-0.19288594244282042
CHEMBL5077392,O=C(Nc1ccc([N+](=O)[O-])cc1)c1sc(=S)n2c1[nH]c(=O)c1ccc(Cl)cc12,5.58,5.552594590544724,0.02740540945527581,0.022201846788413672,0.0,2488253.997731416,-0.38442916277689243,3.954284969442996,0.0,0.0,5.022633313741326,-0.4958508125472407
CHEMBL5082109,COC(=O)c1ccc2c(=O)[nH]c3c(C(=O)Nc4cccc(Cl)c4[N+](=O)[O-])sc(=S)n3c2c1,5.52,5.564528227882897,-0.04452822788289712,0.030752125016996448,0.0,15278999.95491207,-0.3833389558344304,3.954284969442996,0.0,0.0,5.022633313741326,-1.3320360052307962
CHEMBL3635003,CNC(=O)CNC1=CC(=O)C(=O)c2ccccc21,5.52,5.522429069984676,-0.002429069984676069,0.01945647096902809,0.0,13242.119894634121,-0.11918198548353766,0.0,0.0,0.0,0.0,-1.2898798238431166
CHEMBL3632800,O=C(CNC1=CC(=O)C(=O)c2ccccc21)NCCc1ccccc1,5.51,5.4064287240921844,0.10357127590781534,0.019163818959276612,0.0,576328.1619676695,-0.11962420436703387,0.0,0.0,0.0,0.0,-1.2659170174760128
CHEMBL5092692,COc1ccc(OC)c(NC(=O)c2sc(=S)n(-c3cccc(C(F)(F)F)c3)c2NC(=O)CCl)c1,5.5,5.413016104797575,0.08698389520242511,0.018634479750864703,0.0,27695534.682248935,-0.13717109031586597,3.954284969442996,13.171245143024459,0.0,0.0,-1.1399951207587316
CHEMBL5094556,COc1ccc(OC)c(NC(=O)c2sc(=S)n3c2[nH]c(=O)c2cc(Cl)ccc23)c1,5.5,5.266179285517508,0.23382071448249242,0.01021131220901256,0.0,4386754.674039377,0.10263767595487608,3.954284969442996,0.0,0.0,5.022633313741326,0.6025130235416603
CHEMBL5087760,CCc1ccccc1NC(=O)c1sc(=S)n2c1[nH]c(=O)c1ccc(C(=O)OC)cc12,5.5,5.201117577634175,0.29888242236582485,0.016103609304278982,0.0,7636194.286469672,0.06004497516159106,3.954284969442996,0.0,0.0,0.0,-0.8936655070205548
CHEMBL4878237,CC(=O)NCCNC(=O)c1cc(-c2ccc(Cl)cc2)n(-c2ccc(Cl)cc2)n1,5.48,5.469074430559731,0.010925569440269456,0.017415658621258462,0.0,2349732.643970662,-0.11842775283514201,5.693927994848461,5.098681808301038,0.0,10.045266627482652,-0.4726212650740662
CHEMBL3183233,COCCOc1nc(-c2ccc(Cl)c(Cl)c2)n(-c2ccc(NC(=O)CCl)cc2)n1,5.48,5.201269670129672,0.27873032987032875,0.01590081267452969,0.0,4085037.030236028,-0.1134662851130924,5.824404497999927,4.9839785209472085,0.0,10.045266627482652,0.11861534683167974
CHEMBL5088563,O=C(Nc1cc(Cl)cc(Cl)c1)c1sc(=S)n2c1[nH]c(=O)c1cc(Br)ccc12,5.48,5.3769661379865274,0.10303386201347298,0.015271235453880868,0.0,1374284.1151136905,0.10268090103443728,3.954284969442996,0.0,0.0,10.045266627482652,-0.4175509154278989
CHEMBL4459148,COc1ccc(NC(=O)C2CCN(c3ccccn3)CC2)cc1Cl,5.47,6.033487048738298,-0.5634870487382981,0.018492361281451597,1.0,369372.8731519863,-0.1199561170757877,0.0,0.0,0.0,5.022633313741326,1.6105306636140735
CHEMBL5077497,Cc1ccc2c(c1)c(=O)[nH]c1c(C(=O)Nc3cc(Cl)ccc3C)sc(=S)n12,5.47,5.235302250097107,0.23469774990289238,0.008466464687349087,0.0,1481600.7026714622,0.10266966235979277,3.954284969442996,0.0,0.0,5.022633313741326,-0.34622375493407254
CHEMBL479,CSc1ccc2c(c1)N(CCC1CCCCN1C)c1ccccc1S2,5.46,5.743118292985432,-0.28311829298543234,0.029289019921482164,0.0,825571.4781035787,0.17802071410841874,0.0,0.0,1.0,0.0,0.0
CHEMBL5077724,Cc1ccc(Cl)cc1NC(=O)c1sc(=S)n2c1[nH]c(=O)c1cc3c(cc12)OCO3,5.44,5.348425056087941,0.09157494391205923,0.04046233393416308,0.0,6254363.988265533,0.10266650069707725,15.453308636010807,0.0,0.0,5.022633313741326,0.6400553230999182
CHEMBL5083165,COc1ccc(OC)c(NC(=O)c2sc(=S)n(-c3cccc(F)c3)c2NC(=O)CCl)c1,5.42,5.29797923608376,0.12202076391623962,0.014799051942121099,0.0,8660894.719706377,-0.11349887184717757,3.954284969442996,0.0,0.0,0.0,-0.9213698909003485
CHEMBL5276870,CN(C)CC(=O)NCc1cc(-c2ccc(Cl)cc2)n(-c2ccc(Cl)cc2)n1,5.41,5.709249871721473,-0.29924987172147244,0.01911497693952765,0.0,1355641.384533209,-0.12138099263716491,0.0,5.098681808301038,0.0,10.045266627482652,-0.047142723531611974
CHEMBL4469819,COc1ccc(NC(=O)C2CCN(c3ncnc4ccccc34)CC2)cc1Cl,5.4,5.5665484277165005,-0.16654842771650014,0.023240176181508882,0.0,3323498.871847915,-0.11995554972491743,0.0,0.0,0.0,5.022633313741326,1.5093549371506485
CHEMBL5279340,CN(C)[C@@H](CO)C(=O)NCc1cc(-c2ccc(Cl)cc2)n(-c2ccc(Cl)cc2)n1,5.4,5.6502921176822145,-0.25029211768221415,0.02467200287931459,0.0,3579361.7568012658,-0.12651995453906842,0.0,5.098681808301038,1.0,10.045266627482652,-0.2577908716797601
CHEMBL3632799,O=C1C=C(NCC(=O)N2CCCC2)c2ccccc2C1=O,5.39,5.028223250195575,0.36177674980442465,0.016659506135933148,0.0,104521.86529730509,-0.12849890548951906,0.0,0.0,0.0,0.0,-1.02586015579071
CHEMBL5075716,O=C(NCc1cccs1)c1sc(=S)n2c1[nH]c(=O)c1cc(Br)ccc12,5.39,5.1292827285591684,0.26071727144083123,0.014427988396125328,0.0,819306.0737182223,0.09562144212070882,3.954284969442996,0.0,0.0,0.0,-0.2508225203661709
CHEMBL5195900,FC(F)(F)c1nccc(N[C@]23CC[C@](Nc4ccc5nnc(Cl)n5n4)(CC2)CC3)n1,5.38,5.731274659609011,-0.35127465960901105,0.020388720970237896,0.0,8455862.33509167,-0.1444319400179018,5.647177220767728,17.68664303664008,0.0,5.283586320044258,-0.2158500381008942
CHEMBL5072197,COC(=O)c1ccc2c(=O)[nH]c3c(C(=O)Nc4ccc([N+](=O)[O-])cc4)sc(=S)n3c2c1,5.37,5.480854783335711,-0.11085478333571075,0.024705106632041694,0.0,10668290.07858147,-0.3844294835565209,3.954284969442996,0.0,0.0,0.0,-1.1251919191051583
CHEMBL4566269,COc1ccc(NC(=O)C2CCN(c3ncccc3Oc3cccnc3)CC2)cc1Cl,5.37,6.311776410256411,-0.941776410256411,0.05173425572644996,2.0,14445269.217628352,-0.11995655035340054,11.567374611118932,0.0,0.0,5.022633313741326,2.5902784833955943
CHEMBL4868435,CS(=O)(=O)NCCNC(=O)c1cc(-c2ccc(Cl)cc2)n(-c2ccc(Cl)cc2)n1,5.36,5.394454069969845,-0.03445406996984435,0.012717919615151785,0.0,2994667.09228362,0.09486563051928988,5.693927994848461,5.098681808301038,0.0,10.045266627482652,-0.4136777035917245
CHEMBL5086958,O=C(Nc1cccc(Cl)c1[N+](=O)[O-])c1sc(=S)n2c1[nH]c(=O)c1ccc(Cl)cc12,5.36,5.530479549024907,-0.1704795490249067,0.038217819620509096,0.0,3561732.2335613393,-0.38333868014867445,3.954284969442996,0.0,0.0,10.045266627482652,-0.6750048815822625
CHEMBL5081445,CCc1ccccc1NC(=O)c1sc(=S)n2c1[nH]c(=O)c1cc(Br)ccc12,5.36,5.084999192487132,0.2750008075128685,0.014668363450387672,0.0,1789118.8103576219,0.10266815430866286,3.954284969442996,0.0,0.0,0.0,-0.2901743722180228
CHEMBL5197648,FC(F)(F)c1nccc(N[C@H]2CC[C@@H](Nc3ccc4nnc(C5CC5)n4n3)CC2)n1,5.35,5.360508744403742,-0.010508744403741943,0.04578339432845412,0.0,13249873.731049867,-0.14442026864067917,11.471581718767656,17.68664303664008,0.0,0.0,1.254377725728944
CHEMBL5088446,COc1ccc(OC)c(NC(=O)c2sc(=S)n(-c3cccc(Br)c3)c2NC(=O)CCl)c1,5.34,5.266008490121048,0.07399150987895187,0.012187107785680067,0.0,8660894.719706377,-0.11349850147285662,3.954284969442996,0.0,0.0,0.0,0.02639271763189588
CHEMBL4126140,O=C(Nc1ccccc1)C1CCN(c2ncccc2Cl)CC1,5.33,6.022440742821999,-0.692440742821999,0.012758147607577342,1.0,149153.40441812782,-0.11995479929876363,0.0,0.0,0.0,5.022633313741326,0.9472184090961147
CHEMBL5171317,Cc1nnc2ccc(N[C@H]3CC[C@@H](Nc4ccnc(C(F)(F)F)n4)CC3)nn12,5.33,5.212553493047374,0.11744650695262582,0.03303013376338403,0.0,2758867.4015619084,-0.14442005793725252,11.471581718767656,17.68664303664008,0.0,0.0,0.5412994547729955
CHEMBL5087748,CCOc1ccc(OCC)c(NC(=O)c2sc(=S)n3c2[nH]c(=O)c2ccc(Cl)cc23)c1,5.33,5.296583696043712,0.03341630395628847,0.010878334755536626,0.0,11130648.324511008,0.1026239811376466,3.954284969442996,0.0,0.0,5.022633313741326,0.6870706560988855
CHEMBL5184632,FC(F)(F)c1nccc(N[C@H]2CC[C@@H](Nc3ncnc4sccc34)CC2)n1,5.3,5.149383296314683,0.15061670368531654,0.02414957349803828,0.0,2018915.3130416425,-0.14441969291186355,0.0,13.171245143024459,0.0,0.0,-0.07019548475578508
CHEMBL5078165,CCc1ccccc1NC(=O)c1sc(=S)n2c1[nH]c(=O)c1ccc(Cl)cc12,5.29,5.246480010421344,0.043519989578656215,0.008353640180126784,0.0,1781188.349549118,0.10266816457630636,3.954284969442996,0.0,0.0,5.022633313741326,-0.31339994331065735
CHEMBL5087126,COC(=O)c1ccc2c(=O)[nH]c3c(C(=O)Nc4ccc(Cl)cc4)sc(=S)n3c2c1,5.29,5.178490075801736,0.11150992419826444,0.012422690997240669,0.0,4371636.168040745,0.06004525538598717,3.954284969442996,0.0,0.0,5.022633313741326,-0.9649727203145306
CHEMBL5078822,CCc1ccccc1NC(=O)c1sc(=S)n2c1[nH]c(=O)c1cc(F)c(F)cc12,5.28,5.018301021779845,0.26169897822015553,0.08068508607057813,0.0,2625603.034893034,0.10266684927063517,15.588726651534786,0.0,0.0,0.0,-2.679911647260652
CHEMBL5086306,COC(=O)c1ccc2c(=O)[nH]c3c(C(=O)Nc4cc(OC)ccc4OC)sc(=S)n3c2c1,5.28,5.196938386701503,0.08306161329849715,0.013556005731846902,0.0,18669686.146230474,0.060044118914817535,3.954284969442996,0.0,0.0,0.0,-0.07168705250654428
CHEMBL5092796,COc1ccc(OC)c(NC(=O)c2sc(=S)n(-c3ccc(C(F)(F)F)cc3)c2NC(=O)CCl)c1,5.28,5.3313778778472205,-0.051377877847220255,0.01734849818644304,0.0,27824804.991503377,-0.13715797670019408,3.954284969442996,13.171245143024459,0.0,0.0,-0.9078729500990215
CHEMBL5077868,O=C(NCc1ccccc1Cl)c1sc(=S)n2c1[nH]c(=O)c1cc(Cl)ccc12,5.28,5.35458906024571,-0.07458906024570933,0.014785656920581551,0.0,1723529.1582227,0.09558402797072331,3.954284969442996,0.0,0.0,10.045266627482652,-0.3356636502337558
CHEMBL5086946,O=C(NCc1ccco1)c1sc(=S)n2c1[nH]c(=O)c1cc(Br)ccc12,5.28,5.124357178776116,0.15564282122388384,0.016083717478482345,0.0,819306.0737182223,0.09529547368538387,3.954284969442996,0.0,0.0,0.0,0.3253396636432353
CHEMBL5094630,COc1ccc(OC)c(NC(=O)c2sc(=S)n3c2[nH]c(=O)c2ccc(Cl)cc23)c1,5.28,5.216491170865762,0.06350882913423828,0.010130717319322467,0.0,4368233.938542128,0.10263772533687768,3.954284969442996,0.0,0.0,5.022633313741326,0.5913719599537606
CHEMBL3635002,O=C1C=C(NC2CCN(Cc3ccccc3)CC2)c2ccccc2C1=O,5.27,5.201930552478922,0.06806944752107746,0.015007978006206332,0.0,1313487.6216230616,-0.11052112712987654,0.0,0.0,0.0,0.0,-0.8504222454931463
CHEMBL5092929,O=C(Nc1cccc(F)c1)c1sc(=S)n2c1[nH]c(=O)c1ccc(Cl)cc12,5.26,5.1062443743493535,0.15375562565064627,0.012861328817841706,0.0,989985.6496086584,0.10267900278000003,3.954284969442996,0.0,0.0,5.022633313741326,-0.9607019581248477
CHEMBL5090041,COc1ccc(OC)c(NC(=O)c2sc(=S)n(-c3cccc(C#N)c3)c2NC(=O)CCl)c1,5.26,5.23187635809486,0.028123641905139607,0.010117068639114168,0.0,15114597.346791985,-0.11349892067178295,3.954284969442996,5.261891554738487,0.0,0.0,-0.24812656851392334
CHEMBL5079622,COc1ccccc1CNC(=O)c1sc(=S)n2c1[nH]c(=O)c1cc(Cl)ccc12,5.22,5.178702261818779,0.04129773818122118,0.00868728932233973,0.0,2969154.376387646,0.09555866699653726,3.954284969442996,0.0,0.0,5.022633313741326,0.3628891678265339
CHEMBL4475053,COc1ccc(NC(=O)C2CCN(c3ncccc3S(C)(=O)=O)CC2)cc1Cl,5.22,5.819715846979821,-0.5997158469798212,0.019301348788114278,1.0,1667088.9897305265,-0.11996087679850628,9.837253136417502,0.0,0.0,5.022633313741326,0.7533092285108849
CHEMBL4799622,O=C(Nc1cnc(-n2nccn2)c(Cl)c1)Nc1cncc2ccccc12,5.22,5.850418281767254,-0.6304182817672546,0.026334219146554223,2.0,1594511.3379505393,0.2618729839624583,5.817862777835028,10.197363616602075,0.0,5.022633313741326,0.3758131805931231
CHEMBL5181736,FC(F)(F)c1nccc(N2CCC(CNc3ccc4nnc(Cl)n4n3)CC2)n1,5.21,5.23945434006614,-0.029454340066140006,0.022717579594511962,0.0,2935864.1800910207,-0.1444456958889803,5.647177220767728,17.68664303664008,0.0,5.283586320044258,0.22436577507622857
CHEMBL5204915,FC(F)(F)c1nccc(NC2CCN(c3ccc4nnc(Cl)n4n3)CC2)n1,5.21,5.483849326150518,-0.2738493261505184,0.020324347327491474,0.0,1760649.1047884733,-0.14441966562376174,5.647177220767728,17.68664303664008,0.0,5.283586320044258,-0.23250568633768742
CHEMBL5093736,COc1ccccc1NC(=O)c1sc(=S)n2c1[nH]c(=O)c1cc(Cl)ccc12,5.21,5.182889144664057,0.02711085533594293,0.008079846918427093,0.0,1789118.8103576219,0.10263860571787625,3.954284969442996,0.0,0.0,5.022633313741326,0.14686144004927182
CHEMBL5094303,COC(=O)c1ccc2c(=O)[nH]c3c(C(=O)Nc4ccc(-c5ccccc5)cc4)sc(=S)n3c2c1,5.19,5.454167434233695,-0.2641674342336948,0.016241459829825337,0.0,75447181.49251214,0.060044388765790296,3.954284969442996,0.0,0.0,0.0,-0.9313154285125527
CHEMBL5084041,Cc1ccc(NC(=O)c2sc(=S)n3c2[nH]c(=O)c2cc(Br)ccc23)c(C)c1,5.19,5.07571750033358,0.11428249966642046,0.014676438315638418,0.0,1469653.0369608821,0.10266848058094186,3.954284969442996,0.0,0.0,0.0,-0.2984585747879398
CHEMBL4870944,CNC(=O)c1cc(-c2ccc(OC)cc2)n(-c2ccc(Cl)cc2)n1,5.18,5.012777453457953,0.16722254654204693,0.008966764150738377,0.0,422848.9844259231,0.09574872292690519,5.693927994848461,5.098681808301038,0.0,5.022633313741326,0.5280631109533228
CHEMBL4858998,O=C(NCCO)c1cc(-c2ccc(Cl)cc2)n(-c2ccc(Cl)cc2)n1,5.18,5.267799633792185,-0.08779963379218536,0.012423124507760019,0.0,639285.5367614351,0.09391091882547331,5.693927994848461,5.098681808301038,0.0,10.045266627482652,-0.3500212410066903
CHEMBL3814162,COCCOc1nc(-c2ccc(F)cc2)n(-c2ccc(NC(=O)CCl)cc2)n1,5.17,4.966980892264878,0.20301910773512155,0.010657438893832541,0.0,2790236.567579506,-0.11346670964285278,5.824404497999927,4.9839785209472085,0.0,0.0,-0.2698416029299029
CHEMBL5087259,O=C(Nc1ccc([N+](=O)[O-])cc1)c1sc(=S)n2c1[nH]c(=O)c1ccccc12,5.17,5.451064954699658,-0.28106495469965775,0.020183095142199653,0.0,1774780.1588183362,-0.38442914890361746,3.954284969442996,0.0,0.0,0.0,-0.46445908919123124
CHEMBL5076557,COc1ccc(OC)c(NC(=O)c2sc(=S)n3c2[nH]c(=O)c2cc(Br)ccc23)c1,5.16,5.051083369382856,0.10891663061714407,0.018803485843247116,0.0,4386754.674039377,0.10263771499579627,3.954284969442996,0.0,0.0,0.0,0.6368229368134679
CHEMBL5080198,COc1ccc(OC)c(NC(=O)c2sc(=S)n(-c3ccc(Cl)cc3)c2NC(=O)CCl)c1,5.16,5.273684956607024,-0.11368495660702393,0.008622116126759033,0.0,8811514.349565439,-0.11349855391492206,3.954284969442996,0.0,0.0,5.022633313741326,-0.05492044557771569
CHEMBL5090547,COC(=O)c1ccc2c(=O)[nH]c3c(C(=O)Nc4ccc(Cl)c(Cl)c4)sc(=S)n3c2c1,5.16,5.326934966178165,-0.1669349661781645,0.021662367293384645,0.0,6373991.109874256,0.060045153970063346,3.954284969442996,0.0,0.0,10.045266627482652,-1.031689975044606
CHEMBL4868040,CNC(=O)c1cc(-c2ccc(Cl)cc2)n(-c2ccc(Cl)cc2)n1,5.15,5.295494720264103,-0.14549472026410282,0.01202473125639073,0.0,242641.6629335372,0.09574931961632459,5.693927994848461,5.098681808301038,0.0,10.045266627482652,-0.2426601298955795
CHEMBL5086532,Cc1ccc(NC(=O)c2sc(=S)n3c2[nH]c(=O)c2cc(C)ccc23)c(C)c1,5.14,5.074703277139303,0.06529672286069665,0.014667992943956817,0.0,1469653.0369608821,0.10266824710733109,3.954284969442996,0.0,0.0,0.0,-0.2891993155286807
CHEMBL5203767,FC(F)(F)c1nccc(N[C@H]2CC[C@@H](Oc3ccc4nnc(Cl)n4n3)CC2)n1,5.14,5.568383330094582,-0.42838333009458207,0.020101746480507967,0.0,2758867.4015619084,-0.1444199242699045,5.647177220767728,17.68664303664008,0.0,5.283586320044258,-0.5685851020338748
CHEMBL5207598,FC(F)(F)c1nccc(N[C@H]2CC[C@@H](Nc3cnc4ccccc4c3)CC2)n1,5.14,5.45306982804234,-0.31306982804234007,0.029353543813549505,1.0,2644829.9538630233,-0.14441983865450755,0.0,13.171245143024459,0.0,0.0,-0.8943331966808488
CHEMBL4872478,NCCCNC(=O)c1cc(-c2ccc(Cl)cc2)n(-c2ccc(Cl)cc2)n1,5.13,5.373670489446513,-0.24367048944651337,0.012003640459786602,0.0,1039024.0573965557,0.09478327624694105,5.693927994848461,5.098681808301038,0.0,10.045266627482652,-0.23483605582150524
CHEMBL5087492,O=C(Nc1cc(Cl)cc(Cl)c1)c1sc(=S)n2c1[nH]c(=O)c1ccc(Cl)cc12,5.13,5.384941212954331,-0.25494121295433114,0.034628896770679714,0.0,1367582.9984198273,0.10268091125754245,3.954284969442996,0.0,0.0,15.067899941223978,-0.4407764865205339
CHEMBL5191063,FC(F)(F)c1nccc(N[C@H]2CC[C@@H](Nc3ccc4cnccc4n3)CC2)n1,5.12,5.51326879629631,-0.39326879629630973,0.04201553241799798,2.0,2644829.9538630233,-0.14441989464425734,0.0,13.171245143024459,0.0,0.0,-0.08824141247273676
CHEMBL3634996,COCCNC1=CC(=O)C(=O)c2ccccc21,5.11,5.280199701772809,-0.17019970177280896,0.01562950654179408,0.0,8770.821978886715,-0.11051885521381287,0.0,0.0,0.0,0.0,-0.9291589243722176
CHEMBL5070379,COc1ccccc1NC(=O)c1sc(=S)n2c1[nH]c(=O)c1ccc(Br)cc12,5.11,5.07700477734559,0.03299522265441013,0.015486421701337965,0.0,1781188.349549118,0.10263866048679611,3.954284969442996,0.0,0.0,0.0,0.17030772394025528
CHEMBL3813798,COCCOc1nc(-c2ccc(C)cc2)n(-c2ccc(NC(=O)CCl)cc2)n1,5.09,5.052972142446305,0.037027857553694865,0.012971236411695626,0.0,2790236.567579506,-0.11346634366786838,5.824404497999927,4.9839785209472085,0.0,0.0,0.3048205578587355
CHEMBL5081565,O=C(O)c1cccc(NC(=O)c2sc(=S)n3c2[nH]c(=O)c2ccc(Cl)cc23)c1,5.08,5.124341852277008,-0.044341852277008265,0.02198512118397558,0.0,2466164.955817781,0.06962422562510337,3.954284969442996,0.0,0.0,5.022633313741326,-1.61859465825524
CHEMBL4130062,N#Cc1ccnc(N2CCC(C(=O)Nc3ccc(F)c(Cl)c3)CC2)c1,5.05,5.848305167705392,-0.7983051677053918,0.011939841157151744,1.0,532681.1912951187,-0.11995703345529277,0.0,5.261891554738487,0.0,5.022633313741326,0.017208755425712097
CHEMBL3632805,CC1(C)CCC2=C(O1)c1ccc(Br)cc1C(=O)C2=O,5.04,5.391440152285383,-0.3514401522853827,0.01265113634696966,0.0,19649.46658066153,-0.1121777950479258,0.0,0.0,0.0,0.0,-0.265920256991685
CHEMBL3632808,COc1ccc2c(c1)C1=C(CCC(C)(C)O1)C(=O)C2=O,5.04,5.393879745050845,-0.3538797450508451,0.014061639953902439,0.0,34812.310930027415,-0.1121794772081022,0.0,0.0,0.0,0.0,0.293846844293274
CHEMBL3632809,CC1(C)CCC2=C(O1)c1cc(O)ccc1C(=O)C2=O,5.03,5.266307014314442,-0.23630701431444212,0.013107151785016893,0.0,19656.824802941923,-0.11218041904016882,0.0,0.0,0.0,0.0,-0.4933106575963704
CHEMBL4878663,CN(C)C1CCN(C(=O)c2cc(-c3ccc(Cl)cc3)n(-c3ccc(Cl)cc3)n2)C1,4.97,5.402685373629993,-0.43268537362999293,0.016322524716520896,0.0,5618603.464324564,0.07765286918601924,5.693927994848461,5.098681808301038,1.0,10.045266627482652,-0.04418790767335712
CHEMBL5079555,Cc1ccccc1NC(=O)c1sc(=S)n2c1[nH]c(=O)c1ccc(Cl)cc12,4.96,5.120869944664947,-0.16086994466494708,0.008389750574914229,0.0,1036267.9954620783,0.10266946139939864,3.954284969442996,0.0,0.0,5.022633313741326,-0.32414068405139806
CHEMBL4536412,COc1ccc(N2CCC3(CCN(c4ncccc4C)CC3)C2=O)cc1Cl,4.95,5.498006848385819,-0.5480068483858185,0.022550049154801785,1.0,1980656.4228563046,-0.1260949832931967,0.0,0.0,0.0,5.022633313741326,1.8875273445916005
CHEMBL5080756,COc1ccc(OC)c(NC(=O)c2sc(=S)n3c2[nH]c(=O)c2cc(F)c(F)cc23)c1,4.94,5.05383790472138,-0.11383790472137978,0.06331974762936128,0.0,6435251.080556697,0.10263641933320598,15.588726651534786,0.0,0.0,0.0,-1.9632735386589164
CHEMBL3814883,COCCOc1nc(-c2ccc(OC)c(OC)c2)n(-c2ccc(NC(=O)CCl)cc2)n1,4.92,4.821892185211968,0.09810781478803232,0.057115794515876846,0.0,11945204.313442387,-0.11346718450748415,17.323428164567737,4.9839785209472085,0.0,0.0,1.3203108751571755
CHEMBL5090110,Cc1ccccc1C1CCN(c2ccc(NC(=O)c3ccc(Cl)cc3)c(C(=O)O)c2)C1,4.92,5.344190472345482,-0.42419047234548213,0.021683367445715234,0.0,13735219.761584802,0.06977776403769266,0.0,0.0,1.0,5.022633313741326,-1.0468750540905811
CHEMBL3634998,O=C1C=C(NCCCN2CCCC2)c2ccccc2C1=O,4.92,4.928303278762131,-0.008303278762131328,0.014959011270239195,0.0,111828.92645850997,-0.11051785360308607,0.0,0.0,0.0,0.0,-0.843555883900851
CHEMBL5093329,COC(=O)c1ccc2c(=O)[nH]c3c(C(=O)Nc4ccc(F)cc4F)sc(=S)n3c2c1,4.91,5.107319953448242,-0.1973199534482415,0.0603310999746977,0.0,6289183.159705213,0.060044025197391,3.954284969442996,0.0,0.0,0.0,-3.0695657182044043
CHEMBL5094621,CC(C)c1ccc(S(=O)(=O)Nc2ccc(N3CCC(Cc4ccccc4)CC3)cc2C(=O)O)cc1,4.91,5.384096634647157,-0.47409663464715646,0.014056304087156503,0.0,65495485.246331885,0.06977726080210704,0.0,0.0,0.0,0.0,-0.2836053438691084
CHEMBL4852750,O=C(NCCCO)c1cc(-c2ccc(Cl)cc2)n(-c2ccc(Cl)cc2)n1,4.91,5.268099326769946,-0.3580993267699455,0.01218655852528174,0.0,1039024.0573965557,0.094548296008928,5.693927994848461,5.098681808301038,0.0,10.045266627482652,-0.2903916113770608
CHEMBL5092244,COc1cccc(CNC(=O)c2sc(=S)n3c2[nH]c(=O)c2cc(Br)ccc23)c1,4.89,5.0361126365418984,-0.14611263654189877,0.016755497722274935,0.0,2911625.116123767,0.09557581383085288,3.954284969442996,0.0,0.0,0.0,0.42334685171130015
CHEMBL5087386,COc1cccc(CNC(=O)c2sc(=S)n3c2[nH]c(=O)c2cc(Cl)ccc23)c1,4.89,5.157049210333224,-0.2670492103332247,0.00886172247368583,0.0,2911625.116123767,0.09557577434741367,3.954284969442996,0.0,0.0,5.022633313741326,0.39959856638894076
CHEMBL4551510,COc1ccc(NC(=O)C2CCN(c3nccc4scnc34)CC2)cc1Cl,4.89,5.587533239679715,-0.6975332396797151,0.017312340045472056,1.0,2472595.1511541703,-0.11995507977992087,5.817862777835028,0.0,0.0,5.022633313741326,1.4941736103007472
CHEMBL5089961,Cc1ccc(S(=O)(=O)C2=C(O)C(=O)N(Cc3ccc(F)cc3)C2c2ccc(C(C)C)cc2)cc1,4.88,5.582483508056909,-0.7024835080569094,0.03357443782813449,0.0,37023266.5062536,-0.12956115172321195,5.759164871656176,0.0,1.0,0.0,-1.7187148656747941
CHEMBL4860905,NC(=O)CCNC(=O)c1cc(-c2ccc(Cl)cc2)n(-c2ccc(Cl)cc2)n1,4.87,5.2378727034297015,-0.36787270342970135,0.020605970083410217,0.0,1431478.3694773405,-0.11739120275791894,5.693927994848461,5.098681808301038,0.0,10.045266627482652,-0.8722000594086601
CHEMBL4514407,COc1ccc(NC(=O)C2CCN(c3ncccc3-c3cnn(C)c3)CC2)cc1Cl,4.87,5.937649822954828,-1.0676498229548281,0.01798083222428351,1.0,9462552.187957836,-0.11995637415486086,0.0,5.098681808301038,0.0,5.022633313741326,1.4917761025035867
CHEMBL3634999,O=C1C=C(NCCCN2CCCC2=O)c2ccccc2C1=O,4.84,5.047615572698593,-0.2076155726985931,0.014293939697236368,0.0,155176.60540919547,-0.12726000920620112,0.0,0.0,0.0,0.0,-0.7196887402420404
CHEMBL5090479,COC(=O)c1ccc2c(=O)[nH]c3c(C(=O)Nc4ccccc4C)sc(=S)n3c2c1,4.84,5.054592695341095,-0.21459269534109549,0.016208681961545436,0.0,4456213.151213693,0.060045169839478885,3.954284969442996,0.0,0.0,0.0,-0.9059060833957462
CHEMBL5079806,CCc1ccccc1NC(=O)c1sc(=S)n2c1[nH]c(=O)c1ccccc12,4.83,5.011916266929658,-0.18191626692965812,0.014662408423320393,0.0,1270422.2621324447,0.10266822879181602,3.954284969442996,0.0,0.0,0.0,-0.2820082199546483
CHEMBL5089168,O=C(O)c1cccc(NC(=O)c2sc(=S)n3c2[nH]c(=O)c2cc(Br)ccc23)c1,4.83,5.020730425620964,-0.19073042562096365,0.02453417164444949,0.0,2477221.058952357,0.06962426191186909,3.954284969442996,0.0,0.0,0.0,-1.5867745579636807
CHEMBL3635000,CC(C)(C)OC(=O)NCCNC1=CC(=O)C(=O)c2ccccc21,4.83,5.027206199322972,-0.1972061993229719,0.016734092567718947,0.0,97057.7072648604,-0.11052357432253043,0.0,0.0,0.0,0.0,-1.0515449487748363
CHEMBL3814599,COCCOc1nc(-c2ccc(C)c(C)c2)n(-c2ccc(NC(=O)CCl)cc2)n1,4.82,4.827735613277298,-0.007735613277297659,0.013025750158421938,0.0,4085037.030236028,-0.11346656649446121,5.824404497999927,4.9839785209472085,0.0,0.0,0.31211679891371746
CHEMBL4855013,CNC(=O)c1cc(-c2ccc(Cl)cc2)n(Cc2ccccc2)n1,4.79,4.90137947910802,-0.11137947910802026,0.006254963513418438,0.0,266052.41783564887,0.09570929956823301,5.693927994848461,5.098681808301038,0.0,5.022633313741326,-0.20182851123988677
CHEMBL5081354,O=C(Nc1cccc(F)c1)c1sc(=S)n2c1[nH]c(=O)c1cc(Br)ccc12,4.79,4.985593069944579,-0.1955930699445787,0.017558322772605568,0.0,994752.2722117857,0.1026789925692922,3.954284969442996,0.0,0.0,0.0,-0.9273513409223177
CHEMBL4849824,CNC(=O)c1cc(-c2ccccc2)n(-c2ccc(Cl)cc2)n1,4.78,4.852458513138255,-0.07245851313825469,0.006264623499758692,0.0,171666.93224727333,0.09574941063048902,5.693927994848461,5.098681808301038,0.0,5.022633313741326,-0.21769013675429005
CHEMBL5084772,Cc1ccc(NC(=O)Nc2ccc3nc(N4CCN(C)CC4)cc(C)c3c2)cc1Cl,4.78,6.016739042809047,-1.236739042809047,0.01584895660158838,1.0,6113004.4893035395,0.2618699725324666,0.0,0.0,0.0,5.022633313741326,1.0164833158767004
CHEMBL3813708,COCCOc1nc(-c2cccc(Br)c2)n(-c2ccc(NC(=O)CCl)cc2)n1,4.77,4.7650930252993255,0.004906974700674027,0.012713492774158836,0.0,2751467.2219791147,-0.11346617081503112,5.824404497999927,4.9839785209472085,0.0,0.0,0.2686327272771736
CHEMBL5186994,FC(F)(F)c1nccc(N[C@H]2C[C@@H](CNc3ccc4nnc(Cl)n4n3)C2)n1,4.77,5.031515215053764,-0.2615152150537643,0.021597506349267666,0.0,1286189.9162398172,-0.1444236202213174,5.647177220767728,17.68664303664008,0.0,5.283586320044258,0.06369873048061159
CHEMBL5083952,COc1ccc(OC)c(NC(=O)c2sc(=S)n3c2[nH]c(=O)c2ccc(F)cc23)c1,4.77,5.017314786348581,-0.24731478634858117,0.014811241779856854,0.0,4368233.938542128,0.10263717259365762,3.954284969442996,0.0,0.0,0.0,-0.0381501983409791
CHEMBL5206064,FC(F)(F)c1nccc(NC[C@H]2C[C@@H](Nc3ccc4nnc(Cl)n4n3)C2)n1,4.75,4.920025686046619,-0.17002568604661938,0.02130303616190094,0.0,1286604.437743299,-0.1444149524932406,5.647177220767728,17.68664303664008,0.0,5.283586320044258,0.01216207749637288
CHEMBL4585807,COc1ccc(NC(=O)C2CCN(c3nccc4sc(C)cc34)CC2)cc1Cl,4.75,5.315136079568581,-0.5651360795685809,0.019039767940599927,1.0,3312590.9230773845,-0.11995526092054705,0.0,0.0,0.0,5.022633313741326,1.652714016893657
CHEMBL4434699,COc1ccc(NC(=O)C2CCN(c3nccc(C)c3C)CC2)cc1Cl,4.75,5.53719550098322,-0.7871955009832199,0.01923377665637717,1.0,778829.2614222154,-0.1199563691188273,0.0,0.0,0.0,5.022633313741326,1.6683721644119234
CHEMBL5072179,COc1ccc(OC)c(NC(=O)c2sc(=S)n3c2[nH]c(=O)c2ccc(Br)cc23)c1,4.73,5.012602441793558,-0.282602441793558,0.018769434846546314,0.0,4368233.938542128,0.102637730793251,3.954284969442996,0.0,0.0,0.0,0.6333403337166419
CHEMBL5083225,CCc1ccccc1NC(=O)c1sc(=S)n2c1[nH]c(=O)c1cc(C)ccc12,4.73,5.0427401582186695,-0.3127401582186691,0.01466080625152851,0.0,1789118.8103576219,0.10266792029194,3.954284969442996,0.0,0.0,0.0,-0.2809151129587637
CHEMBL4777911,Cc1cc(C)c(NC(=O)Nc2cnc(-n3nccn3)c(Cl)c2)cn1,4.71,5.662372723311543,-0.9523727233115427,0.026307369917681844,2.0,359470.93449018104,0.26183083707209504,5.817862777835028,10.197363616602075,0.0,5.022633313741326,0.380744310069707
CHEMBL1401572,CNC(=O)c1cc(-c2ccc(Cl)cc2)n(-c2ccccc2)n1,4.7,4.850983327953069,-0.15098332795306924,0.0062646241061453415,0.0,171666.93224727333,0.09574945328481566,5.693927994848461,5.098681808301038,0.0,5.022633313741326,-0.21769013675429005
CHEMBL4437395,COc1ccc(NC(=O)C2CCN(c3nccn4ccnc34)CC2)cc1Cl,4.69,5.195670886479672,-0.5056708864796713,0.034193761566076925,0.0,2472595.1511541703,-0.11995520573277467,11.465039998602755,0.0,0.0,5.022633313741326,1.4272243456160583
CHEMBL3634994,CC(C)NC1=CC(=O)C(=O)c2ccccc21,4.69,5.13427955417168,-0.44427955417167997,0.015254716802768903,0.0,4371.306242276039,-0.11051747232675554,0.0,0.0,0.0,0.0,-0.882633219954648
CHEMBL5079377,O=C(Nc1ccccc1Cl)c1sc(=S)n2c1[nH]c(=O)c1ccccc12,4.69,5.044856904729125,-0.35485690472912435,0.008584880136755676,0.0,739246.2904400318,0.10267936742773379,3.954284969442996,0.0,0.0,5.022633313741326,-0.3771934051398331
CHEMBL5076134,Cc1ccc2c(c1)c(=O)[nH]c1c(C(=O)Nc3ccccc3C)sc(=S)n12,4.67,4.983321233750716,-0.31332123375071586,0.01467079753539728,0.0,1041091.1241548721,0.10266921736745332,3.954284969442996,0.0,0.0,0.0,-0.2916558536995044
CHEMBL3972284,CN(C)C(=O)c1cc(-c2ccc(Cl)cc2)n(-c2ccc(Cl)cc2)n1,4.67,5.134294550919069,-0.46429455091906924,0.011842602807812052,0.0,342628.6902127866,0.08212458297651823,5.693927994848461,5.098681808301038,0.0,10.045266627482652,-0.15469716693261648
CHEMBL3814955,COCCOc1nc(-c2ccc(-c3ccccc3)cc2)n(-c2ccc(NC(=O)CCl)cc2)n1,4.66,4.999023201350379,-0.3390232013503791,0.012766795697664268,0.0,48353854.33636843,-0.11346702456395556,5.824404497999927,4.9839785209472085,0.0,0.0,0.2718683437057021
CHEMBL3814394,COCCOc1nc(-c2ccc(C(F)(F)F)cc2)n(-c2ccc(NC(=O)CCl)cc2)n1,4.66,4.669508278208492,-0.009508278208492094,0.025092264268632574,0.0,8838779.943934256,-0.13715343817430534,5.824404497999927,18.155223663971668,0.0,0.0,-0.23744225259088836
CHEMBL3634997,O=C1C=C(NCCN2CCOCC2)c2ccccc2C1=O,4.66,4.942664811039767,-0.2826648110397665,0.015253542746564586,0.0,89733.28341907558,-0.1105180592607291,0.0,0.0,0.0,0.0,-0.8824983489467608
CHEMBL5193497,FC(F)(F)c1nccc(NCC2CCN(c3ccc4nnc(Cl)n4n3)CC2)n1,4.64,5.02535054441667,-0.3853505444166707,0.022148535924497104,0.0,2933288.138375087,-0.14441500114669817,5.647177220767728,17.68664303664008,0.0,5.283586320044258,0.14775196159816117
CHEMBL4871767,O=C(c1cc(-c2ccc(Cl)cc2)n(-c2ccc(Cl)cc2)n1)N1CCCC1,4.6,4.946066822679391,-0.3460668226793917,0.011689400630114668,0.0,1634959.9234742625,0.07862987256868366,5.693927994848461,5.098681808301038,0.0,10.045266627482652,-0.022752722488171617
CHEMBL5180573,Nc1nnc2ccc(N[C@H]3CC[C@@H](Nc4ccnc(C(F)(F)F)n4)CC3)nn12,4.58,5.153958700373631,-0.5739587003736313,0.02526373683492248,0.0,2758867.4015619084,-0.1444200254124786,5.647177220767728,17.68664303664008,0.0,0.0,-0.06279351574854664
CHEMBL3813764,COCCOc1nc(-c2cccc(Cl)c2)n(-c2ccc(NC(=O)CCl)cc2)n1,4.58,4.8938184693782265,-0.31381846937822644,0.0078098039800587014,0.0,2751467.2219791147,-0.11346619723485625,5.824404497999927,4.9839785209472085,0.0,5.022633313741326,0.19668221043883616
CHEMBL3813977,COCCOc1nc(-c2ccc(F)c(F)c2)n(-c2ccc(NC(=O)CCl)cc2)n1,4.58,4.669450772766556,-0.08945077276655589,0.06200090309917473,0.0,4085037.030236028,-0.11346721571775564,17.45884618009172,4.9839785209472085,0.0,0.0,-2.2019037158074153
CHEMBL5170695,Clc1nnc2ccc(N[C@H]3CC[C@@H](Nc4ccncn4)CC3)nn12,4.51,5.783288167543325,-1.273288167543325,0.03928497629308129,0.0,617276.0250958656,0.4269596340102484,5.647177220767728,4.5153978936156225,0.0,5.283586320044258,1.6733210202762876
CHEMBL4441858,COC(=O)C1=CC(C)=COc2oc3cccc(O)c3c(=O)c21,4.49,4.703030474785146,-0.21303047478514614,0.016817384683233075,0.0,108890.05802099407,-0.13326835299112494,0.0,0.0,0.0,0.0,-1.036699263038548
CHEMBL3814060,C=CC(=O)Nc1ccc(-n2nc(OCCOC)nc2-c2ccc(Cl)c(Cl)c2)cc1,4.47,5.045214398538676,-0.5752143985386766,0.016025353637127288,0.0,4085037.030236028,-0.11143084385519907,5.824404497999927,4.9839785209472085,0.0,10.045266627482652,0.23860271751318263
CHEMBL5204871,FC(F)(F)c1nccc(N[C@H]2CC[C@@H](Nc3ccc4nncn4n3)CC2)n1,4.46,4.929449951269047,-0.46944995126904665,0.0245253124920579,0.0,1956477.360069755,-0.14441983243916648,5.647177220767728,17.68664303664008,0.0,0.0,-0.1841670588654155
CHEMBL3814068,COCCOc1nc(-c2ccc(OC)cc2)n(-c2ccc(NC(=O)CCl)cc2)n1,4.35,4.6873641184352755,-0.3373641184352758,0.020574868078282512,0.0,4841703.170866633,-0.11346667543427462,5.824404497999927,4.9839785209472085,0.0,0.0,0.9819821390586743
CHEMBL4575326,COC(=O)C1=CC=COc2oc3cc(C)cc(O)c3c(=O)c21,4.29,4.703823530340703,-0.41382353034070274,0.016771765369251446,0.0,106855.1187861234,-0.1332643078410552,0.0,0.0,0.0,0.0,-1.031922766019987
CHEMBL3815024,COCCOc1nc(-c2ccc3c(c2)OCO3)n(-c2ccc(NC(=O)CCl)cc2)n1,4.06,4.633742280138829,-0.5737422801388297,0.0607940722802334,0.0,11474984.627117636,-0.11346737227900863,17.323428164567737,4.9839785209472085,0.0,0.0,1.5032127656964285
CHEMBL3814299,COCCOc1nc(-c2cccc(F)c2)n(-c2ccc(NC(=O)CCl)cc2)n1,4.06,4.545677081846873,-0.4856770818468732,0.010653843585229021,0.0,2751467.2219791147,-0.11346671464549372,5.824404497999927,4.9839785209472085,0.0,0.0,-0.3903386827587616
CHEMBL3814547,COCCOc1nc(-c2cccc(C(F)(F)F)c2)n(-c2ccc(NC(=O)CCl)cc2)n1,4.03,4.523017081021671,-0.4930170810216712,0.024470893785962625,0.0,8805641.894385446,-0.13713323871846306,5.824404497999927,18.155223663971668,0.0,0.0,-0.3917684756102926
CHEMBL3814679,COCCOc1nc(-c2ccccc2)n(-c2ccc(NC(=O)CCl)cc2)n1,4.01,4.663337206890234,-0.6533372068902343,0.012942758384655676,0.0,1974274.7673271988,-0.11346610418268137,5.824404497999927,4.9839785209472085,0.0,0.0,0.30098268937800987
